Order_ID,Customer_Name,Region,Order_Date,Shipping_Date,Category,Quantity,Price_Per_Unit,Payment_Method,Return_Reason,Refund_Amount
10001,User_1596,  East  ,2025-08-28,2025-08-29,Apparel,5,269.21,Crypto,,
10002,User_1218,East,2025-05-11,2025-05-13,Beauty,2,120.3,Credit Card,,
10003,User_1334,South,2025-04-17,2025-04-18,Beauty,4,569.24,credit card,,
10004,User_1337,SOUTH,2026-02-05,,Home,2,516.22,credit card,Damaged Item,929.2
10005,User_1476,South,2026-02-12,2026-02-13,Electronics,3,-75.0,Crypto,Fraud Chargeback,-225.0
10006,User_1036,West,2025-02-03,2025-02-10,Apparel,2,494.54,Crypto,Fraud Chargeback,989.08
10007,User_1583,West,2026-03-09,2026-03-14,Apparel,3,1043.87,credit card,,
10008,User_1977,North,2025-10-22,2025-11-20,Electronics,5,1136.13,Credit Card,,
10009,User_1723,north,2025-12-18,2025-12-20,Beauty,2,889.79,PayPal,,
10010,User_1143,North,2025-06-22,2025-06-26,Apparel,1,85.6,Crypto,Damaged Item,77.04
10011,User_1198,East,2025-05-24,2025-05-26,Home,3,567.35,Credit Card,,
10012,User_1983,East,2025-05-24,2025-05-30,Apparel,2,29.35,Credit Card,,
10013,User_1584,North,2026-02-09,2026-02-12,Home,4,797.58,PayPal,,
10014,User_1960,South,2025-12-14,2025-12-17,Home,4,489.94,Crypto,,
10015,User_1152,SOUTH,2025-06-25,2025-06-26,Electronics,3,43.18,PayPal,,
10016,User_1843,East,2025-08-23,2025-08-28,Apparel,5,392.24,PayPal,,
10017,User_1446,South,2026-01-20,2026-01-21,Beauty,2,73.79,Crypto,,
10018,User_1683,North,2026-05-02,,Home,4,1170.1,PayPal,,
10019,User_1950,West,2025-09-07,2025-09-13,Home,1,57.19,PayPal,,
10020,User_1089,north,2025-09-24,2025-09-30,Beauty,1,188.96,Crypto,Fraud Chargeback,188.96
10021,User_1245,East,2025-04-29,2025-05-05,Apparel,2,786.72,Credit Card,,
10022,User_1758,South,2025-01-20,2025-01-22,Beauty,5,1131.13,PayPal,,
10023,User_1108,north,2026-04-07,2026-05-11,Electronics,2,698.61,Crypto,Fraud Chargeback,1397.22
10024,User_1042,West,2025-07-26,2025-08-02,Electronics,2,844.53,Crypto,Fraud Chargeback,1689.06
10025,User_1099,East,2025-03-26,2025-04-01,Home,4,792.1,PayPal,,
10026,User_1726,  East  ,2025-05-03,2025-05-06,Home,4,1078.92,Credit Card,,
10027,User_1169,West,2026-04-19,2026-04-21,Beauty,3,912.93,credit card,,
10028,User_1230,East,2026-01-23,2026-01-27,Home,2,316.53,Credit Card,,
10029,User_1632,East,2026-03-12,2026-03-13,Beauty,4,810.9,Crypto,Fraud Chargeback,3243.6
10030,User_1875,North,2025-07-01,2025-07-02,Beauty,2,18.07,Credit Card,,
10031,User_1939,SOUTH,2025-12-19,2025-12-25,Apparel,4,334.54,credit card,,
10032,User_1292,  East  ,2026-01-24,2026-01-26,Beauty,5,801.44,PayPal,,
10033,User_1539,North,2026-01-01,2026-02-10,Electronics,1,906.33,Credit Card,,
10034,User_1296,South,2025-05-05,2025-05-12,Home,2,927.65,credit card,,
10035,User_1494,North,2025-05-20,2025-06-18,Electronics,4,210.0,credit card,,
10036,User_1874,SOUTH,2026-01-26,2026-01-28,Beauty,1,459.18,credit card,,
10037,User_1840,SOUTH,2025-10-15,2025-10-21,Apparel,3,642.0,PayPal,,
10038,User_1577,SOUTH,2025-03-13,2025-03-14,Electronics,5,237.44,PayPal,,
10039,User_1994,East,2025-04-06,2025-04-08,Apparel,4,518.18,PayPal,,
10040,User_1077,north,2025-12-09,2025-12-10,Home,1,1181.67,PayPal,,
10041,User_1649,South,2025-11-23,2025-11-30,Beauty,2,394.81,PayPal,,
10042,User_1908,  East  ,2025-04-26,2025-05-01,Beauty,3,363.89,Crypto,,
10043,User_1162,SOUTH,2025-07-13,2025-07-14,Apparel,5,531.39,Credit Card,,
10044,User_1457,West,2025-02-23,2025-02-24,Apparel,4,1082.23,PayPal,,
10045,User_1311,South,2025-02-01,2025-02-07,Apparel,5,434.66,credit card,,
10046,User_1570,  East  ,2025-03-30,2025-03-31,Home,4,447.49,Credit Card,,
10047,User_1878,  East  ,2025-04-29,2025-05-06,Beauty,3,219.62,PayPal,Damaged Item,592.97
10048,User_1242,East,2025-02-05,2025-02-09,Beauty,4,435.38,Crypto,Fraud Chargeback,1741.52
10049,User_1041,  East  ,2025-06-27,2025-07-02,Electronics,3,1161.61,Crypto,Fraud Chargeback,3484.83
10049,User_1308,South,2025-03-31,2025-04-07,Home,5,255.07,PayPal,Fraud Chargeback,3484.83
10051,User_1802,  East  ,2025-07-02,2025-07-08,Electronics,5,47.99,PayPal,,
10052,User_1290,East,2025-08-01,2025-08-07,Home,5,628.76,PayPal,,
10053,User_1316,East,2026-01-25,2026-01-28,Apparel,2,103.25,PayPal,,
10054,User_1280,South,2026-01-11,2026-01-13,Home,2,847.7,Credit Card,,
10055,User_1085,West,2025-07-25,2025-08-01,Home,4,473.96,Credit Card,,
10056,User_1111,East,2026-01-31,2026-02-06,Home,1,511.21,credit card,,
10057,User_1088,north,2025-04-07,2025-04-13,Apparel,4,981.31,Crypto,,
10058,User_1883,East,2025-02-14,2025-02-21,Home,2,829.57,PayPal,,
10059,User_1855,SOUTH,2026-05-10,2026-05-15,Apparel,1,495.43,Crypto,,
10060,User_1857,North,2025-04-10,2025-04-14,Apparel,1,879.71,PayPal,,
10061,User_1539,north,2026-01-27,2026-01-28,Home,5,48.56,Credit Card,,
10062,User_1676,  East  ,2025-09-27,2025-10-02,Apparel,5,554.98,Crypto,Fraud Chargeback,2774.9
10063,User_1964,South,2025-09-24,2025-10-01,Apparel,5,862.22,Credit Card,,
10064,User_1085,North,2025-11-10,2025-12-22,Electronics,2,600.81,PayPal,,
10065,User_1890,SOUTH,2025-05-05,2025-05-08,Home,3,226.09,Credit Card,,
10066,User_1281,north,2026-03-09,2026-03-28,Electronics,1,857.48,Credit Card,,
10067,User_1726,north,2025-11-21,2025-11-22,Beauty,1,1075.42,Crypto,,
10068,User_1658,East,2025-06-18,2025-06-25,Electronics,2,865.75,credit card,,
10069,User_1244,East,2025-11-17,2025-11-21,Apparel,4,1135.68,PayPal,Wrong Size,4088.45
10070,User_1234,South,2025-08-17,2025-08-21,Electronics,3,673.54,PayPal,Wrong Size,1818.56
10071,User_1288,East,2025-08-04,,Home,4,419.94,Crypto,,
10072,User_1538,South,2025-02-22,2025-02-26,Home,5,638.07,PayPal,,
10073,User_1664,  East  ,2025-05-02,2025-05-09,Home,5,57.72,Crypto,,
10074,User_1434,north,2026-04-19,2026-05-12,Electronics,4,25.58,Crypto,Fraud Chargeback,102.32
10075,User_1827,north,2025-10-09,,Home,3,862.76,Credit Card,,
10076,User_1907,West,2025-01-09,2025-01-12,Electronics,3,927.82,PayPal,,
10077,User_1232,West,2025-03-18,2025-03-20,Beauty,3,661.22,credit card,Wrong Size,1785.29
10078,User_1713,north,2025-07-30,2025-08-03,Home,1,304.91,PayPal,,
10079,User_1829,  East  ,2025-05-21,2025-05-25,Electronics,4,391.81,Credit Card,,
10080,User_1501,SOUTH,2025-03-09,2025-03-15,Apparel,5,919.8,Crypto,Wrong Size,4139.1
10081,User_1573,SOUTH,2026-05-16,2026-05-19,Beauty,3,1064.54,credit card,,
10082,User_1239,East,2026-01-20,2026-01-27,Home,4,317.33,PayPal,,
10083,User_1557,  East  ,2025-09-22,2025-09-25,Beauty,5,687.29,Credit Card,,
10084,User_1171,north,2025-06-13,2025-06-17,Beauty,5,1197.89,credit card,,
10085,User_1081,SOUTH,2025-02-06,,Electronics,2,584.45,Credit Card,,
10086,User_1807,South,2025-11-20,2025-11-23,Electronics,4,313.78,PayPal,,
10087,User_1942,East,2025-10-21,2025-10-26,Electronics,1,600.05,PayPal,,
10088,User_1491,West,2026-01-19,2026-01-21,Apparel,5,216.63,Credit Card,,
10089,User_1561,South,2025-11-23,2025-11-25,Home,2,93.76,credit card,,
10090,User_1154,West,2025-06-13,2025-06-20,Beauty,3,666.07,Crypto,,
10091,User_1354,East,2025-09-15,2025-09-20,Beauty,2,1143.96,Crypto,Fraud Chargeback,2287.92
10092,User_1645,North,2025-01-05,,Beauty,4,411.89,Credit Card,,
10093,User_1233,North,2025-04-19,2025-04-26,Home,4,720.7,PayPal,,
10094,User_1608,  East  ,2025-09-14,2025-09-17,Electronics,4,872.04,Crypto,Fraud Chargeback,3488.16
10095,User_1179,South,2025-01-24,2025-01-29,Electronics,3,403.05,Crypto,,
10096,User_1598,South,2025-07-31,2025-08-04,Apparel,1,829.01,PayPal,,
10097,User_1876,East,2026-02-14,2026-02-19,Home,5,1161.21,credit card,,
10098,User_1467,SOUTH,2025-02-18,2025-02-23,Beauty,2,544.61,Credit Card,,
10099,User_1192,north,2025-08-17,2025-08-21,Home,3,972.29,Credit Card,,
10099,User_1750,North,2026-01-16,2026-02-26,Electronics,2,1032.36,Credit Card,,
10101,User_1067,South,2025-06-28,2025-07-05,Electronics,2,507.11,Credit Card,,
10102,User_1736,East,2025-02-10,2025-02-12,Beauty,1,950.57,PayPal,,
10103,User_1774,West,2025-05-28,2025-05-31,Electronics,3,1176.26,PayPal,,
10104,User_1703,North,2025-01-07,2025-01-10,Beauty,3,1107.63,credit card,,
10105,User_1015,north,2025-12-14,2025-12-20,Beauty,3,280.67,Credit Card,,
10106,User_1343,East,2026-04-15,2026-04-20,Beauty,4,832.66,Crypto,Fraud Chargeback,3330.64
10107,User_1495,North,2025-08-11,2025-08-18,Beauty,2,-75.0,Credit Card,,
10108,User_1232,East,2025-10-07,2025-10-14,Apparel,1,389.63,credit card,,
10109,User_1805,SOUTH,2025-06-17,2025-06-20,Beauty,1,1052.4,PayPal,,
10110,User_1966,SOUTH,2025-06-13,2025-06-17,Apparel,5,481.47,Credit Card,,
10111,User_1908,West,2026-04-30,2026-05-05,Electronics,1,34.59,Credit Card,,
10112,User_1189,South,2025-10-28,2025-10-30,Electronics,4,1135.65,credit card,,
10113,User_1247,North,2026-03-03,2026-03-08,Apparel,3,748.55,PayPal,,
10114,User_1995,North,2025-05-25,2025-06-29,Electronics,3,496.11,PayPal,,
10115,User_1347,SOUTH,2025-09-19,2025-09-24,Home,1,1141.89,credit card,,
10116,User_1225,West,2026-01-05,2026-01-12,Home,5,1134.08,credit card,,
10117,User_1770,East,2025-10-22,2025-10-25,Beauty,2,835.31,PayPal,,
10118,User_1906,South,2026-01-28,,Home,3,1121.25,credit card,,
10119,User_1882,East,2026-04-09,2026-04-16,Beauty,1,902.18,Credit Card,,
10120,User_1203,SOUTH,2025-06-21,2025-06-22,Beauty,3,542.17,Credit Card,,
10121,User_1960,West,2025-05-23,2025-05-29,Electronics,3,890.36,credit card,,
10122,User_1025,North,2025-04-10,2025-04-15,Beauty,5,21.59,PayPal,,
10123,User_1940,East,2026-04-14,2026-04-19,Electronics,4,417.8,PayPal,,
10124,User_1363,North,2025-06-14,2025-06-19,Beauty,2,203.12,Crypto,,
10125,User_1563,north,2026-04-25,2026-04-29,Home,3,656.98,Crypto,,
10126,User_1054,West,2025-04-25,2025-04-28,Home,4,886.44,PayPal,,
10127,User_1991,  East  ,2025-12-05,2025-12-09,Beauty,2,1098.02,credit card,,
10128,User_1895,  East  ,2025-02-24,2025-03-03,Electronics,1,663.13,Crypto,,
10129,User_1971,North,2025-10-03,2025-10-09,Beauty,3,572.4,Credit Card,,
10130,User_1508,East,2026-01-19,2026-01-21,Electronics,2,859.99,Crypto,Fraud Chargeback,1719.98
10131,User_1040,north,2025-05-19,2025-05-20,Home,5,906.04,PayPal,,
10132,User_1515,North,2025-07-16,2025-07-21,Apparel,4,842.13,Credit Card,,
10133,User_1873,  East  ,2026-02-02,2026-02-08,Apparel,3,566.01,Credit Card,,
10134,User_1441,  East  ,2026-01-10,2026-01-16,Beauty,3,1145.71,credit card,,
10135,User_1986,SOUTH,2025-08-29,2025-09-01,Beauty,1,553.9,Credit Card,Damaged Item,498.51
10136,User_1282,South,2025-01-01,2025-01-05,Apparel,3,402.98,Credit Card,,
10137,User_1246,SOUTH,2025-06-10,2025-06-16,Electronics,2,726.16,PayPal,Damaged Item,1307.09
10138,User_1181,West,2025-04-27,2025-04-30,Home,1,373.2,Crypto,,
10139,User_1181,SOUTH,2025-05-15,,Home,5,693.87,Crypto,,
10140,User_1769,North,2025-11-11,2025-12-17,Electronics,2,1102.43,PayPal,,
10141,User_1587,north,2025-02-19,2025-02-20,Home,4,978.01,PayPal,,
10142,User_1193,North,2025-02-28,2025-03-05,Home,5,1132.31,Crypto,,
10143,User_1872,  East  ,2025-08-01,2025-08-03,Beauty,4,571.99,Credit Card,Damaged Item,2059.16
10144,User_1446,SOUTH,2025-03-03,2025-03-07,Home,3,223.47,Crypto,Fraud Chargeback,670.41
10145,User_1459,  East  ,2025-06-01,2025-06-06,Apparel,1,395.25,Crypto,,
10146,User_1709,north,2025-03-30,2025-04-05,Apparel,5,303.0,Credit Card,,
10147,User_1213,West,2025-08-12,2025-08-14,Beauty,3,1068.27,PayPal,,
10148,User_1422,north,2025-01-12,2025-01-18,Beauty,3,1053.12,credit card,Damaged Item,2843.42
10149,User_1133,South,2025-02-03,2025-02-08,Apparel,1,147.4,Credit Card,,
10149,User_1415,South,2025-03-09,2025-03-13,Electronics,3,893.54,Crypto,,
10151,User_1351,South,2025-04-02,2025-04-06,Beauty,2,1122.53,Crypto,Fraud Chargeback,2245.06
10152,User_1534,  East  ,2026-01-11,2026-01-14,Beauty,5,1052.26,PayPal,,
10153,User_1714,South,2025-02-05,2025-02-07,Home,5,451.89,Crypto,Fraud Chargeback,2259.45
10154,User_1942,East,2025-04-08,2025-04-11,Home,4,1134.89,credit card,,
10155,User_1782,South,2025-05-07,2025-05-13,Beauty,3,135.97,Credit Card,,
10156,User_1451,South,2025-02-10,2025-02-14,Apparel,3,280.59,credit card,,
10157,User_1885,South,2025-10-21,2025-10-28,Apparel,4,346.79,credit card,,
10158,User_1532,West,2025-07-12,2025-07-14,Beauty,4,842.05,Crypto,Fraud Chargeback,3368.2
10159,User_1019,  East  ,2026-01-31,2026-02-07,Apparel,4,537.72,Credit Card,Damaged Item,1935.79
10160,User_1129,  East  ,2026-04-03,2026-04-07,Apparel,4,425.37,credit card,,
10161,User_1546,South,2025-07-15,2025-07-18,Beauty,4,-75.0,credit card,,
10162,User_1517,West,2025-07-02,2025-07-03,Apparel,1,1113.07,credit card,Damaged Item,1001.76
10163,User_1363,north,2025-03-10,2025-03-11,Apparel,4,755.87,Credit Card,Damaged Item,2721.13
10164,User_1411,SOUTH,2025-05-09,2025-05-10,Electronics,2,971.23,credit card,,
10165,User_1701,SOUTH,2025-07-12,2025-07-13,Home,2,533.8,Crypto,,
10166,User_1649,north,2025-12-12,2025-12-16,Beauty,5,248.95,credit card,,
10167,User_1617,North,2025-02-18,2025-02-20,Home,3,359.08,PayPal,Wrong Size,969.52
10168,User_1734,  East  ,2025-12-21,2025-12-22,Home,5,925.21,Credit Card,,
10169,User_1930,  East  ,2025-01-16,2025-01-22,Electronics,1,882.19,Crypto,Fraud Chargeback,882.19
10170,User_1071,north,2025-05-13,2025-05-20,Apparel,5,789.9,PayPal,,
10171,User_1086,South,2025-03-03,2025-03-05,Electronics,2,1055.89,credit card,,
10172,User_1842,North,2025-03-08,2025-03-09,Beauty,4,53.69,Crypto,Fraud Chargeback,214.76
10173,User_1986,SOUTH,2025-02-12,2025-02-16,Apparel,3,195.9,Credit Card,,
10174,User_1011,South,2026-02-25,2026-03-04,Apparel,1,683.65,PayPal,,
10175,User_1948,North,2025-10-18,2025-10-24,Beauty,2,170.18,credit card,,
10176,User_1888,North,2026-01-26,2026-01-31,Home,3,599.98,credit card,,
10177,User_1028,West,2025-03-19,2025-03-23,Beauty,1,718.32,credit card,,
10178,User_1291,West,2026-01-01,2026-01-07,Home,1,532.32,Credit Card,,
10179,User_1298,South,2025-04-10,2025-04-15,Apparel,3,77.65,credit card,,
10180,User_1143,SOUTH,2026-02-16,,Apparel,4,384.9,Crypto,Fraud Chargeback,1539.6
10181,User_1570,  East  ,2026-01-07,2026-01-11,Electronics,5,962.28,PayPal,,
10182,User_1927,  East  ,2025-04-26,2025-04-30,Electronics,4,477.79,Crypto,Fraud Chargeback,1911.16
10183,User_1156,SOUTH,2026-04-30,2026-05-07,Apparel,1,1097.7,Crypto,,
10184,User_1759,  East  ,2025-03-16,2025-03-19,Apparel,3,1046.41,credit card,,
10185,User_1341,South,2025-05-14,2025-05-20,Beauty,5,65.32,credit card,,
10186,User_1936,  East  ,2025-07-06,2025-07-09,Apparel,1,291.42,PayPal,,
10187,User_1041,South,2025-07-24,2025-07-27,Apparel,5,487.92,credit card,Damaged Item,2195.64
10188,User_1067,West,2025-12-28,2026-01-01,Electronics,1,690.38,PayPal,,
10189,User_1059,South,2026-02-10,2026-02-14,Apparel,4,544.12,credit card,,
10190,User_1234,  East  ,2026-03-12,2026-03-18,Home,3,411.79,Credit Card,,
10191,User_1556,West,2025-09-08,2025-09-13,Home,4,1189.41,PayPal,,
10192,User_1547,East,2025-02-09,2025-02-10,Electronics,1,578.62,Credit Card,,
10193,User_1878,  East  ,2025-06-18,2025-06-24,Beauty,4,510.25,PayPal,,
10194,User_1236,North,2025-09-15,2025-10-16,Electronics,5,1086.35,credit card,Wrong Size,4888.57
10195,User_1229,West,2025-08-30,2025-09-03,Beauty,3,769.6,Credit Card,Damaged Item,2077.92
10196,User_1428,South,2025-09-01,2025-09-08,Beauty,5,524.42,Credit Card,Damaged Item,2359.89
10197,User_1163,East,2025-05-25,,Apparel,2,245.58,Crypto,,
10198,User_1321,South,2026-04-11,2026-04-12,Apparel,2,398.35,Crypto,,
10199,User_1265,  East  ,2025-04-11,,Apparel,4,1051.74,Credit Card,,
10200,User_1353,West,2025-01-08,2025-01-13,Electronics,5,1124.68,Crypto,Fraud Chargeback,5623.4
10201,User_1273,East,2025-04-07,2025-04-14,Beauty,5,836.22,Crypto,,
10202,User_1609,West,2026-03-15,2026-03-18,Beauty,4,798.97,Crypto,,
10203,User_1824,SOUTH,2025-11-26,2025-11-27,Electronics,5,1028.41,Credit Card,,
10204,User_1752,North,2025-12-21,2025-12-26,Beauty,1,422.04,PayPal,,
10205,User_1336,West,2026-01-05,2026-01-10,Electronics,3,765.91,Crypto,,
10206,User_1977,SOUTH,2025-08-19,,Beauty,4,508.81,credit card,,
10207,User_1519,SOUTH,2025-07-15,2025-07-16,Electronics,4,228.37,Crypto,,
10208,User_1205,South,2025-09-13,2025-09-18,Beauty,2,1009.49,Credit Card,,
10209,User_1056,  East  ,2026-04-23,2026-04-29,Electronics,2,871.03,Credit Card,,
10210,User_1658,  East  ,2025-04-06,2025-04-12,Electronics,4,62.46,Credit Card,,
10211,User_1563,North,2026-01-04,2026-01-10,Apparel,3,1070.18,Crypto,,
10212,User_1201,north,2025-05-13,2025-05-16,Beauty,4,54.32,Crypto,Fraud Chargeback,217.28
10213,User_1654,  East  ,2026-04-18,2026-04-21,Home,3,994.17,PayPal,,
10214,User_1704,South,2025-08-02,2025-08-07,Apparel,2,117.2,PayPal,,
10215,User_1642,North,2025-01-11,2025-01-12,Beauty,1,1125.38,Crypto,,
10216,User_1114,north,2025-10-03,2025-10-04,Home,0,288.54,Credit Card,,
10217,User_1265,South,2026-01-19,2026-01-20,Home,3,174.12,credit card,,
10218,User_1460,East,2026-04-02,2026-04-09,Electronics,2,1035.69,Crypto,,
10219,User_1221,West,2025-05-03,2025-05-04,Beauty,1,328.79,Crypto,,
10220,User_1214,West,2025-11-02,2025-11-09,Beauty,1,1049.84,Credit Card,,
10221,User_1826,South,2025-02-21,2025-02-24,Apparel,2,1166.31,Crypto,,
10222,User_1386,  East  ,2025-04-25,2025-04-28,Apparel,3,687.62,credit card,,
10223,User_1369,SOUTH,2025-05-07,2025-05-10,Electronics,1,861.48,PayPal,,
10224,User_1510,North,2025-05-29,2025-06-24,Electronics,5,116.18,PayPal,Wrong Size,522.81
10225,User_1807,North,2025-06-26,2025-07-03,Apparel,1,705.26,Crypto,,
10226,User_1951,East,2025-03-10,2025-03-14,Home,5,159.86,Crypto,,
10227,User_1359,SOUTH,2025-08-23,2025-08-29,Beauty,1,293.77,credit card,,
10228,User_1515,north,2025-12-04,2025-12-09,Apparel,5,946.76,credit card,,
10229,User_1756,  East  ,2025-09-23,,Beauty,2,76.25,credit card,,
10230,User_1092,East,2025-10-10,2025-10-14,Electronics,4,72.54,credit card,,
10231,User_1628,South,2025-02-01,2025-02-07,Beauty,0,174.91,credit card,,
10232,User_1785,north,2026-03-08,2026-03-13,Apparel,2,691.16,PayPal,,
10233,User_1282,North,2025-05-27,2025-06-03,Apparel,2,31.83,Crypto,,
10234,User_1667,West,2025-05-04,2025-05-07,Home,3,1058.78,PayPal,,
10235,User_1016,north,2025-06-15,2025-06-18,Beauty,3,1045.71,PayPal,,
10236,User_1867,  East  ,2025-11-07,2025-11-08,Home,3,791.21,PayPal,,
10237,User_1495,north,2025-07-22,2025-07-29,Apparel,4,547.87,Crypto,,
10238,User_1628,West,2025-10-02,2025-10-08,Home,1,1058.68,Credit Card,,
10239,User_1217,North,2025-06-19,2025-06-26,Home,3,849.15,Crypto,,
10240,User_1969,  East  ,2026-01-31,2026-02-03,Apparel,4,878.62,Crypto,,
10241,User_1679,north,2025-05-14,2025-06-24,Electronics,5,1061.88,Crypto,,
10242,User_1644,SOUTH,2025-01-07,2025-01-10,Apparel,4,999.27,Credit Card,,
10243,User_1505,West,2025-05-11,2025-05-15,Apparel,2,892.81,PayPal,,
10244,User_1960,South,2025-03-08,2025-03-11,Electronics,0,55.96,Crypto,Fraud Chargeback,0.0
10245,User_1724,West,2026-01-06,2026-01-07,Apparel,2,635.94,Crypto,,
10246,User_1319,SOUTH,2025-03-01,2025-03-06,Beauty,4,288.23,credit card,,
10247,User_1892,  East  ,2025-07-17,2025-07-18,Electronics,2,607.36,Crypto,Fraud Chargeback,1214.72
10248,User_1656,West,2025-03-21,2025-03-25,Beauty,5,1068.57,Credit Card,Wrong Size,4808.56
10249,User_1296,South,2025-11-24,2025-11-26,Apparel,1,383.3,Crypto,,
10250,User_1729,South,2025-02-06,2025-02-07,Apparel,5,882.07,credit card,,
10251,User_1046,  East  ,2025-08-15,2025-08-16,Beauty,2,601.81,Crypto,Fraud Chargeback,1203.62
10252,User_1298,north,2025-10-21,2025-10-24,Beauty,3,806.94,Credit Card,,
10253,User_1542,north,2026-05-16,2026-05-23,Home,4,825.73,credit card,,
10254,User_1952,South,2026-04-13,2026-04-17,Beauty,4,224.64,Crypto,Fraud Chargeback,898.56
10255,User_1193,SOUTH,2025-07-15,2025-07-22,Home,5,752.86,Crypto,Fraud Chargeback,3764.3
10256,User_1700,North,2025-05-30,2025-06-05,Beauty,3,787.93,Credit Card,,
10257,User_1162,East,2026-01-02,2026-01-07,Electronics,4,174.47,Crypto,Fraud Chargeback,697.88
10258,User_1621,West,2025-10-14,2025-10-19,Apparel,5,48.11,Credit Card,,
10259,User_1066,  East  ,2025-09-04,2025-09-05,Beauty,2,541.44,PayPal,Wrong Size,974.59
10260,User_1197,SOUTH,2025-04-18,2025-04-21,Beauty,5,618.36,Crypto,Fraud Chargeback,3091.8
10261,User_1640,South,2025-02-05,2025-02-11,Beauty,5,427.45,PayPal,,
10262,User_1610,  East  ,2025-12-16,2025-12-20,Home,4,462.22,credit card,Wrong Size,1663.99
10263,User_1897,north,2025-03-04,2025-04-09,Electronics,4,21.28,Credit Card,,
10264,User_1627,East,2025-03-26,2025-04-02,Beauty,4,799.77,credit card,,
10265,User_1741,South,2026-03-04,2026-03-09,Apparel,3,510.09,PayPal,Wrong Size,1377.24
10266,User_1338,  East  ,2026-04-22,2026-04-29,Home,1,856.01,credit card,,
10267,User_1175,North,2026-03-16,2026-03-21,Beauty,2,427.94,Crypto,Fraud Chargeback,855.88
10268,User_1661,north,2025-04-28,2025-05-01,Apparel,5,158.06,PayPal,,
10269,User_1409,  East  ,2025-08-06,2025-08-09,Apparel,3,407.15,PayPal,,
10270,User_1871,North,2025-06-05,2025-06-09,Home,1,325.6,Crypto,Damaged Item,293.04
10271,User_1699,East,2025-03-19,2025-03-22,Electronics,1,957.1,Crypto,Fraud Chargeback,957.1
10272,User_1782,SOUTH,2026-01-21,2026-01-28,Beauty,4,393.37,Credit Card,,
10273,User_1255,north,2025-06-21,2025-07-22,Electronics,5,907.61,PayPal,,
10274,User_1843,West,2025-04-23,2025-04-27,Electronics,2,914.95,Credit Card,,
10275,User_1800,north,2025-08-26,2025-08-28,Apparel,1,1037.66,Crypto,Fraud Chargeback,1037.66
10276,User_1971,West,2025-12-31,2026-01-04,Home,2,1099.81,Crypto,,
10277,User_1057,West,2025-05-30,2025-06-01,Apparel,5,235.96,credit card,,
10278,User_1837,East,2026-04-28,2026-05-02,Apparel,5,1122.76,Crypto,,
10279,User_1064,north,2026-02-09,2026-03-19,Electronics,2,242.33,credit card,,
10280,User_1649,West,2025-11-11,2025-11-17,Beauty,4,482.02,Credit Card,,
10281,User_1086,North,2026-02-11,2026-02-13,Beauty,2,810.79,Credit Card,,
10282,User_1704,North,2025-08-15,2025-08-18,Apparel,1,506.37,credit card,,
10283,User_1013,East,2025-09-18,2025-09-25,Beauty,1,821.79,Credit Card,,
10284,User_1476,North,2025-01-18,2025-02-28,Electronics,4,434.56,PayPal,,
10285,User_1019,South,2025-03-21,2025-03-25,Apparel,4,1092.52,Crypto,,
10286,User_1144,  East  ,2025-10-19,2025-10-20,Beauty,0,71.21,Crypto,Fraud Chargeback,0.0
10287,User_1313,North,2026-02-14,2026-02-16,Apparel,2,131.15,credit card,,
10288,User_1808,  East  ,2025-03-01,,Beauty,2,475.01,credit card,,
10289,User_1811,West,2025-10-22,2025-10-28,Apparel,4,717.95,PayPal,,
10290,User_1499,SOUTH,2025-02-23,2025-02-24,Apparel,3,1053.04,Credit Card,,
10291,User_1132,SOUTH,2026-02-09,2026-02-15,Beauty,4,806.64,credit card,Damaged Item,2903.9
10292,User_1505,North,2025-03-04,2025-03-09,Beauty,3,33.09,Credit Card,,
10293,User_1991,  East  ,2025-08-12,2025-08-13,Apparel,2,928.07,credit card,,
10294,User_1353,  East  ,2025-06-27,2025-07-02,Beauty,3,259.79,Crypto,,
10295,User_1164,north,2025-02-10,2025-02-15,Home,4,959.79,PayPal,,
10296,User_1952,  East  ,2026-04-19,2026-04-26,Home,4,827.45,PayPal,,
10297,User_1606,  East  ,2026-01-16,2026-01-20,Home,2,620.24,PayPal,,
10298,User_1399,North,2025-12-27,2026-01-03,Apparel,4,435.63,Crypto,Fraud Chargeback,1742.52
10299,User_1020,North,2025-05-19,2025-05-24,Beauty,1,251.04,Crypto,,
10300,User_1241,North,2026-05-01,2026-06-04,Electronics,5,952.55,Credit Card,,
10301,User_1718,South,2026-02-07,2026-02-14,Apparel,1,1016.68,Credit Card,,
10302,User_1413,North,2025-06-17,2025-06-18,Apparel,2,255.56,PayPal,,
10303,User_1310,West,2026-03-18,2026-03-20,Home,4,1048.66,PayPal,Damaged Item,3775.18
10304,User_1395,West,2025-04-18,2025-04-23,Home,5,875.64,Crypto,,
10305,User_1802,South,2025-10-19,2025-10-25,Apparel,5,1033.92,credit card,,
10306,User_1698,West,2025-01-11,2025-01-14,Electronics,2,1129.98,PayPal,,
10307,User_1287,West,2025-12-14,2025-12-16,Home,3,83.41,PayPal,Wrong Size,225.21
10308,User_1233,  East  ,2025-08-01,2025-08-06,Home,4,236.83,PayPal,,
10309,User_1850,North,2026-02-07,2026-02-09,Apparel,3,1132.15,Credit Card,,
10310,User_1720,SOUTH,2025-03-01,2025-03-06,Electronics,4,235.57,Credit Card,,
10311,User_1061,  East  ,2025-02-18,2025-02-20,Apparel,1,483.82,Credit Card,,
10312,User_1814,West,2026-05-02,2026-05-04,Apparel,3,-75.0,Crypto,,
10313,User_1736,East,2025-10-18,2025-10-23,Apparel,4,840.13,Crypto,,
10314,User_1345,  East  ,2025-12-30,2026-01-01,Apparel,4,468.89,credit card,,
10315,User_1340,North,2025-11-10,2025-11-14,Beauty,4,408.08,PayPal,,
10316,User_1359,  East  ,2026-04-24,2026-04-28,Home,3,674.47,PayPal,,
10317,User_1450,West,2026-03-02,2026-03-04,Electronics,3,596.35,Credit Card,,
10318,User_1598,  East  ,2025-10-01,2025-10-07,Home,2,961.06,PayPal,,
10319,User_1488,  East  ,2025-10-29,2025-11-04,Electronics,3,244.37,credit card,,
10320,User_1111,South,2025-11-02,2025-11-03,Home,4,407.72,PayPal,,
10321,User_1156,north,2025-06-13,2025-06-14,Home,3,717.94,Credit Card,,
10322,User_1232,north,2025-07-17,2025-07-20,Beauty,4,724.45,PayPal,,
10323,User_1043,North,2025-06-13,2025-06-19,Beauty,2,589.55,Credit Card,,
10324,User_1310,North,2025-03-09,,Electronics,3,959.83,Credit Card,,
10325,User_1629,SOUTH,2025-10-06,2025-10-12,Home,5,168.08,Credit Card,,
10326,User_1625,South,2025-03-26,2025-04-02,Home,3,345.63,credit card,,
10327,User_1017,North,2025-03-20,2025-04-19,Electronics,2,308.82,Credit Card,,
10328,User_1966,South,2026-04-06,2026-04-10,Beauty,5,828.81,Crypto,,
10329,User_1592,West,2025-04-25,2025-04-30,Apparel,5,403.85,credit card,,
10330,User_1144,South,2025-08-26,,Home,4,871.14,Credit Card,,
10331,User_1153,South,2025-04-27,2025-05-01,Beauty,5,1190.92,credit card,,
10332,User_1037,  East  ,2025-04-02,2025-04-03,Beauty,4,287.73,Credit Card,,
10333,User_1746,SOUTH,2025-10-29,2025-10-30,Electronics,2,382.82,credit card,,
10334,User_1501,South,2025-10-26,2025-10-30,Home,3,384.65,PayPal,,
10335,User_1267,  East  ,2025-06-03,2025-06-07,Electronics,5,26.84,Crypto,Fraud Chargeback,134.2
10336,User_1486,East,2025-07-21,2025-07-23,Electronics,3,1067.01,Crypto,Fraud Chargeback,3201.03
10337,User_1324,  East  ,2025-12-09,2025-12-11,Apparel,4,34.92,credit card,Damaged Item,125.71
10338,User_1178,  East  ,2025-03-04,2025-03-10,Apparel,5,1029.16,Crypto,Fraud Chargeback,5145.8
10339,User_1297,West,2025-12-15,2025-12-21,Home,3,354.47,Crypto,Fraud Chargeback,1063.41
10340,User_1246,north,2025-11-14,2025-11-18,Home,2,364.76,Crypto,Fraud Chargeback,729.52
10341,User_1764,north,2025-06-19,2025-06-23,Apparel,4,170.29,Crypto,,
10342,User_1456,north,2025-04-19,2025-04-24,Home,5,811.81,PayPal,,
10343,User_1477,SOUTH,2026-05-12,2026-05-15,Beauty,1,592.18,Crypto,,
10344,User_1135,West,2025-06-20,2025-06-25,Apparel,5,563.15,credit card,,
10345,User_1292,East,2026-03-06,2026-03-08,Apparel,4,611.74,credit card,,
10346,User_1764,East,2026-03-22,2026-03-25,Home,3,311.66,Crypto,Fraud Chargeback,934.98
10347,User_1059,SOUTH,2026-04-24,2026-04-26,Home,3,476.01,credit card,,
10348,User_1634,SOUTH,2025-06-13,2025-06-15,Electronics,2,631.73,credit card,,
10349,User_1950,  East  ,2026-04-09,2026-04-12,Home,5,1015.86,Credit Card,,
10350,User_1789,West,2025-12-16,2025-12-23,Beauty,5,398.34,credit card,,
10351,User_1228,SOUTH,2025-01-14,2025-01-17,Beauty,5,770.58,credit card,,
10352,User_1739,North,2025-08-02,2025-08-03,Home,1,182.09,credit card,,
10353,User_1838,East,2026-01-24,2026-01-30,Beauty,5,666.15,PayPal,,
10354,User_1681,East,2025-03-14,2025-03-19,Electronics,1,756.03,PayPal,,
10355,User_1143,West,2025-08-19,2025-08-20,Beauty,4,869.89,credit card,,
10356,User_1192,SOUTH,2026-04-29,2026-05-04,Home,1,33.99,Credit Card,,
10357,User_1656,North,2025-07-05,2025-07-12,Apparel,3,700.84,Credit Card,,
10358,User_1285,West,2025-07-27,2025-07-31,Beauty,5,605.44,credit card,,
10359,User_1503,North,2025-09-24,2025-09-25,Apparel,4,951.47,Credit Card,,
10360,User_1005,West,2025-12-11,2025-12-15,Home,3,754.63,Crypto,,
10361,User_1132,South,2025-07-04,2025-07-08,Electronics,5,789.22,PayPal,,
10362,User_1270,north,2025-09-17,2025-09-23,Home,3,873.19,PayPal,,
10363,User_1097,West,2025-08-11,2025-08-12,Electronics,2,-75.0,credit card,,
10364,User_1019,South,2026-01-02,2026-01-04,Home,2,682.78,credit card,,
10365,User_1794,north,2025-05-23,2025-06-18,Electronics,2,1107.47,PayPal,,
10366,User_1163,West,2026-03-11,2026-03-12,Electronics,1,206.34,Credit Card,,
10367,User_1076,SOUTH,2025-01-15,2025-01-17,Home,4,164.08,Credit Card,,
10368,User_1340,  East  ,2026-03-19,2026-03-20,Beauty,1,216.15,Crypto,Damaged Item,194.53
10369,User_1228,north,2025-05-25,2025-05-27,Apparel,5,682.95,Crypto,Fraud Chargeback,3414.75
10370,User_1871,SOUTH,2025-12-29,2025-12-30,Beauty,5,743.45,Crypto,Fraud Chargeback,3717.25
10371,User_1014,East,2026-01-22,2026-01-26,Apparel,1,233.62,Crypto,Fraud Chargeback,233.62
10372,User_1537,East,2025-08-03,2025-08-09,Beauty,2,642.17,Credit Card,,
10373,User_1189,North,2025-03-06,2025-03-13,Home,5,33.79,credit card,,
10374,User_1729,East,2026-03-15,2026-03-18,Beauty,1,614.74,Crypto,,
10375,User_1541,North,2026-04-14,,Home,4,1153.35,credit card,,
10376,User_1266,North,2025-04-30,2025-06-10,Electronics,1,660.26,credit card,,
10377,User_1229,West,2025-11-13,2025-11-18,Apparel,5,547.03,Credit Card,,
10378,User_1313,SOUTH,2026-03-29,2026-03-30,Home,3,539.18,Crypto,Fraud Chargeback,1617.54
10379,User_1072,West,2025-02-23,2025-02-26,Beauty,1,248.97,Crypto,,
10380,User_1745,North,2025-05-29,2025-06-01,Home,3,246.43,credit card,,
10381,User_1511,north,2025-06-27,2025-07-31,Electronics,0,436.86,Credit Card,,
10382,User_1943,north,2026-01-28,2026-02-24,Electronics,4,1065.0,Credit Card,,
10383,User_1178,SOUTH,2025-02-18,2025-02-20,Electronics,4,1096.19,PayPal,,
10384,User_1374,SOUTH,2025-07-16,2025-07-18,Apparel,1,1124.69,credit card,,
10385,User_1812,East,2025-09-10,2025-09-17,Electronics,2,790.97,credit card,,
10386,User_1421,north,2025-10-24,2025-10-29,Beauty,2,528.13,Credit Card,,
10387,User_1407,north,2025-02-13,2025-03-20,Electronics,1,831.64,PayPal,,
10388,User_1328,West,2026-02-15,2026-02-18,Home,2,567.06,credit card,,
10389,User_1636,East,2025-11-30,2025-12-05,Home,4,871.31,Crypto,,
10390,User_1755,South,2025-08-24,2025-08-29,Electronics,3,968.79,PayPal,,
10391,User_1441,South,2025-08-23,2025-08-30,Apparel,5,1137.43,PayPal,,
10392,User_1761,North,2026-03-30,,Beauty,3,1156.67,PayPal,,
10393,User_1877,SOUTH,2025-01-29,2025-01-31,Electronics,2,276.52,Credit Card,,
10394,User_1316,East,2025-12-15,2025-12-16,Apparel,3,21.72,Crypto,Fraud Chargeback,65.16
10395,User_1437,north,2025-05-22,2025-05-23,Beauty,2,478.68,Credit Card,,
10396,User_1249,South,2026-03-22,2026-03-24,Home,4,619.17,PayPal,,
10397,User_1048,  East  ,2025-03-05,2025-03-10,Beauty,3,543.3,Credit Card,,
10398,User_1192,north,2025-07-23,2025-07-25,Apparel,2,686.33,Crypto,Wrong Size,1235.39
10399,User_1579,West,2025-06-06,2025-06-10,Electronics,1,686.17,Crypto,Fraud Chargeback,686.17
10400,User_1363,SOUTH,2025-03-16,2025-03-21,Apparel,3,1028.04,Credit Card,Wrong Size,2775.71
10401,User_1592,SOUTH,2025-02-17,2025-02-22,Apparel,5,1195.31,Crypto,,
10402,User_1149,  East  ,2025-02-23,2025-02-27,Beauty,5,237.81,Credit Card,,
10403,User_1350,north,2026-01-03,2026-01-07,Beauty,4,277.44,PayPal,,
10404,User_1028,West,2025-03-18,2025-03-21,Electronics,5,758.94,PayPal,,
10405,User_1755,North,2025-12-15,2026-01-11,Electronics,5,135.09,Crypto,,
10406,User_1845,  East  ,2025-02-03,2025-02-05,Apparel,2,345.65,Credit Card,Wrong Size,622.17
10407,User_1782,  East  ,2026-04-01,2026-04-03,Home,3,975.28,Crypto,Fraud Chargeback,2925.84
10408,User_1437,West,2025-12-07,2025-12-14,Electronics,4,440.71,PayPal,,
10409,User_1665,  East  ,2025-09-04,2025-09-10,Apparel,4,1005.98,credit card,,
10410,User_1166,SOUTH,2025-08-02,2025-08-03,Home,3,928.89,Credit Card,,
10411,User_1582,North,2025-01-01,2025-01-04,Beauty,4,1181.63,credit card,,
10412,User_1174,North,2025-05-23,2025-05-26,Beauty,4,1103.01,Crypto,Fraud Chargeback,4412.04
10413,User_1761,  East  ,2025-11-28,2025-12-04,Apparel,4,677.33,Credit Card,Wrong Size,2438.39
10414,User_1384,East,2025-01-19,2025-01-25,Electronics,5,689.41,Credit Card,Damaged Item,3102.34
10415,User_1598,north,2026-01-16,2026-01-19,Beauty,1,218.8,Crypto,,
10416,User_1371,West,2026-05-05,2026-05-09,Home,5,555.19,Crypto,Fraud Chargeback,2775.95
10417,User_1717,West,2025-08-13,2025-08-15,Beauty,5,742.62,Crypto,Damaged Item,3341.79
10418,User_1996,West,2026-03-07,2026-03-11,Beauty,5,1001.96,Credit Card,,
10419,User_1716,West,2026-04-21,2026-04-24,Beauty,3,856.22,PayPal,,
10420,User_1626,SOUTH,2025-05-29,2025-06-03,Home,4,171.68,Credit Card,,
10421,User_1089,East,2025-02-04,2025-02-06,Beauty,1,1126.17,Credit Card,,
10422,User_1741,North,2025-07-02,2025-07-07,Home,4,457.61,PayPal,Wrong Size,1647.4
10423,User_1332,  East  ,2025-02-08,2025-02-10,Apparel,4,815.0,credit card,,
10424,User_1406,North,2025-11-28,2025-12-02,Beauty,5,1086.31,credit card,Damaged Item,4888.39
10425,User_1353,North,2025-10-24,2025-10-31,Home,1,622.18,credit card,,
10426,User_1454,SOUTH,2025-03-21,2025-03-25,Electronics,4,805.4,credit card,,
10427,User_1801,East,2025-08-22,2025-08-29,Apparel,5,1058.54,credit card,,
10428,User_1847,  East  ,2026-03-27,2026-04-03,Home,1,409.61,credit card,,
10429,User_1504,South,2025-11-16,2025-11-20,Electronics,3,776.64,Credit Card,,
10430,User_1668,  East  ,2025-03-13,2025-03-16,Apparel,1,59.81,PayPal,,
10431,User_1937,West,2025-09-26,2025-09-28,Beauty,4,1173.55,Crypto,,
10432,User_1139,  East  ,2025-07-31,2025-08-03,Electronics,2,1001.95,Crypto,Fraud Chargeback,2003.9
10433,User_1760,North,2026-01-20,2026-01-23,Home,3,969.05,Credit Card,,
10434,User_1419,West,2025-08-04,2025-08-09,Beauty,5,362.95,PayPal,,
10435,User_1838,north,2025-05-30,2025-06-21,Electronics,2,151.76,Crypto,Fraud Chargeback,303.52
10436,User_1839,north,2026-01-30,2026-01-31,Beauty,4,536.99,Crypto,Fraud Chargeback,2147.96
10437,User_1121,  East  ,2025-12-30,2026-01-06,Beauty,2,784.08,credit card,,
10438,User_1032,  East  ,2025-12-20,2025-12-23,Home,3,742.55,Crypto,Fraud Chargeback,2227.65
10439,User_1190,  East  ,2025-01-02,2025-01-06,Electronics,5,312.98,Crypto,Fraud Chargeback,1564.9
10440,User_1955,North,2026-02-09,2026-02-11,Home,5,144.25,PayPal,,
10441,User_1032,  East  ,2025-04-05,2025-04-06,Beauty,3,886.59,Credit Card,,
10442,User_1106,East,2025-12-07,2025-12-13,Electronics,2,443.67,Credit Card,,
10443,User_1834,north,2025-08-10,2025-08-13,Apparel,5,185.13,Credit Card,,
10444,User_1278,  East  ,2026-02-10,2026-02-12,Home,4,1187.25,Credit Card,,
10445,User_1437,East,2025-07-06,2025-07-08,Apparel,2,686.39,credit card,,
10446,User_1989,SOUTH,2025-08-25,,Apparel,2,605.23,credit card,,
10447,User_1932,  East  ,2025-06-17,2025-06-24,Home,5,772.71,Crypto,Fraud Chargeback,3863.55
10448,User_1154,north,2025-03-17,2025-03-22,Apparel,4,489.48,credit card,,
10449,User_1440,north,2025-08-31,2025-10-09,Electronics,1,1140.56,Crypto,,
10450,User_1530,  East  ,2025-11-30,2025-12-05,Electronics,2,1019.85,credit card,,
10451,User_1098,East,2025-10-31,2025-11-02,Electronics,2,-75.0,credit card,,
10452,User_1086,East,2025-12-10,2025-12-11,Electronics,1,558.25,credit card,,
10453,User_1001,East,2026-05-01,2026-05-03,Apparel,3,397.79,Crypto,,
10454,User_1712,East,2025-02-14,2025-02-21,Home,1,941.58,credit card,,
10455,User_1945,  East  ,2025-07-13,2025-07-17,Home,1,226.99,Credit Card,,
10456,User_1827,  East  ,2025-05-14,2025-05-19,Home,1,601.75,Credit Card,,
10457,User_1661,north,2025-08-05,2025-08-09,Beauty,2,762.43,PayPal,,
10458,User_1183,North,2025-10-01,2025-10-03,Home,4,984.86,PayPal,,
10459,User_1624,South,2026-05-05,2026-05-09,Home,4,132.81,credit card,,
10460,User_1098,East,2025-12-01,2025-12-07,Apparel,4,489.91,credit card,,
10461,User_1663,SOUTH,2025-04-12,2025-04-14,Home,5,784.38,Crypto,,
10462,User_1930,North,2025-09-30,2025-11-01,Electronics,2,733.06,PayPal,,
10463,User_1109,SOUTH,2026-01-11,2026-01-12,Home,5,199.83,credit card,,
10464,User_1985,East,2025-10-06,2025-10-12,Beauty,4,178.41,credit card,,
10465,User_1224,  East  ,2025-07-02,2025-07-04,Electronics,5,531.84,credit card,,
10466,User_1611,North,2026-04-05,2026-04-06,Apparel,3,525.06,Crypto,Fraud Chargeback,1575.18
10467,User_1217,SOUTH,2025-10-17,2025-10-21,Electronics,4,735.09,PayPal,,
10468,User_1421,  East  ,2025-02-23,2025-02-24,Beauty,1,1086.46,Credit Card,,
10469,User_1399,SOUTH,2025-08-15,2025-08-21,Apparel,5,988.81,Crypto,,
10470,User_1147,East,2025-09-04,2025-09-10,Apparel,4,221.22,Credit Card,,
10471,User_1732,East,2025-04-07,2025-04-12,Home,5,656.17,Crypto,Fraud Chargeback,3280.85
10472,User_1008,North,2025-08-17,2025-09-25,Electronics,5,131.73,Crypto,,
10473,User_1902,  East  ,2025-11-29,2025-11-30,Beauty,5,1145.58,PayPal,,
10474,User_1476,  East  ,2025-06-16,2025-06-18,Beauty,3,223.39,PayPal,,
10475,User_1352,South,2026-01-27,2026-02-03,Beauty,3,120.75,Crypto,Fraud Chargeback,362.25
10476,User_1887,South,2025-03-19,2025-03-24,Electronics,3,746.99,PayPal,,
10477,User_1961,West,2026-04-27,2026-05-04,Beauty,1,338.2,Credit Card,,
10478,User_1473,SOUTH,2025-04-06,2025-04-08,Electronics,1,1058.03,Credit Card,,
10479,User_1681,East,2025-09-08,2025-09-09,Home,4,864.46,credit card,,
10480,User_1490,  East  ,2025-03-02,2025-03-04,Electronics,5,784.03,Credit Card,,
10481,User_1965,  East  ,2025-01-04,2025-01-10,Apparel,1,1101.54,Credit Card,,
10482,User_1083,East,2026-05-11,2026-05-18,Beauty,2,154.93,Crypto,,
10483,User_1941,North,2026-01-15,,Electronics,2,894.27,Crypto,,
10484,User_1869,  East  ,2025-01-28,2025-02-03,Beauty,4,237.07,Crypto,Fraud Chargeback,948.28
10485,User_1455,East,2025-08-20,2025-08-26,Beauty,1,936.91,credit card,,
10486,User_1807,North,2026-03-02,2026-03-07,Beauty,3,270.79,Crypto,,
10487,User_1268,South,2025-11-19,2025-11-25,Apparel,2,779.4,Credit Card,Wrong Size,1402.92
10488,User_1081,SOUTH,2025-04-01,2025-04-02,Apparel,3,502.09,PayPal,,
10489,User_1453,SOUTH,2025-01-19,2025-01-25,Electronics,5,245.82,credit card,,
10490,User_1535,north,2025-04-23,2025-06-04,Electronics,1,461.23,PayPal,,
10491,User_1132,north,2025-06-05,2025-06-08,Home,5,348.43,Crypto,,
10492,User_1739,SOUTH,2025-06-06,2025-06-13,Home,3,966.71,Crypto,Fraud Chargeback,2900.13
10493,User_1954,West,2026-02-26,2026-03-03,Beauty,5,493.82,credit card,,
10494,User_1201,North,2026-03-24,2026-03-27,Apparel,2,495.0,Credit Card,Wrong Size,891.0
10495,User_1850,South,2025-02-16,2025-02-19,Apparel,4,181.31,credit card,Wrong Size,652.72
10496,User_1067,north,2025-06-06,2025-06-11,Beauty,1,115.24,Crypto,Fraud Chargeback,115.24
10497,User_1249,South,2025-01-26,2025-01-29,Beauty,4,827.26,Crypto,Fraud Chargeback,3309.04
10498,User_1236,South,2025-12-19,2025-12-25,Electronics,1,195.52,Credit Card,,
10499,User_1356,East,2025-10-04,2025-10-08,Home,4,485.53,PayPal,,
10500,User_1891,SOUTH,2025-01-15,2025-01-17,Beauty,3,291.2,Crypto,,
10501,User_1359,North,2026-03-12,2026-03-13,Apparel,4,967.55,Crypto,,
10502,User_1278,SOUTH,2025-10-12,2025-10-14,Electronics,4,851.29,Credit Card,,
10503,User_1914,West,2026-03-18,2026-03-21,Home,2,1128.63,Credit Card,,
10504,User_1216,SOUTH,2025-10-26,2025-10-28,Home,5,835.97,PayPal,,
10505,User_1769,East,2026-01-05,2026-01-11,Beauty,5,579.31,PayPal,,
10506,User_1365,South,2025-12-04,2025-12-07,Beauty,2,96.93,Credit Card,,
10507,User_1705,East,2025-05-09,2025-05-12,Electronics,5,612.8,PayPal,,
10508,User_1133,SOUTH,2025-03-23,2025-03-29,Electronics,5,284.3,Credit Card,,
10509,User_1464,East,2025-12-15,2025-12-20,Electronics,3,451.23,PayPal,,
10510,User_1047,north,2025-11-12,2025-11-13,Home,2,681.41,PayPal,,
10511,User_1280,East,2025-11-11,2025-11-15,Home,4,182.6,Credit Card,,
10512,User_1193,South,2026-03-30,2026-04-04,Apparel,3,444.67,Crypto,,
10513,User_1587,  East  ,2025-06-22,2025-06-24,Home,3,1082.36,PayPal,,
10514,User_1843,East,2025-09-20,2025-09-24,Apparel,4,258.87,Crypto,Fraud Chargeback,1035.48
10515,User_1755,  East  ,2026-02-19,2026-02-24,Home,2,443.65,PayPal,,
10516,User_1736,  East  ,2025-07-14,,Home,4,1138.42,Credit Card,Wrong Size,4098.31
10517,User_1388,West,2026-03-11,2026-03-12,Home,3,115.35,credit card,,
10518,User_1205,East,2025-06-11,2025-06-13,Beauty,5,715.57,PayPal,,
10519,User_1562,  East  ,2025-10-19,2025-10-25,Electronics,5,723.1,Credit Card,,
10520,User_1045,South,2026-02-17,2026-02-24,Home,4,531.82,PayPal,Damaged Item,1914.55
10521,User_1557,West,2025-04-24,,Home,3,1038.58,Crypto,,
10522,User_1363,East,2025-02-08,2025-02-15,Electronics,3,493.89,Crypto,,
10523,User_1769,West,2025-02-12,2025-02-17,Electronics,4,445.57,PayPal,,
10524,User_1466,SOUTH,2025-10-15,2025-10-18,Beauty,5,368.29,PayPal,,
10525,User_1966,East,2025-07-06,2025-07-07,Electronics,4,288.19,credit card,,
10526,User_1294,  East  ,2025-11-21,,Electronics,5,269.52,Credit Card,,
10527,User_1523,North,2025-12-17,2025-12-19,Home,4,43.73,PayPal,,
10528,User_1666,North,2026-04-05,2026-04-08,Home,2,451.98,Crypto,Damaged Item,813.56
10529,User_1186,North,2025-06-27,2025-07-02,Beauty,1,68.21,PayPal,,
10530,User_1567,South,2025-11-24,2025-11-26,Electronics,3,351.42,Credit Card,,
10531,User_1816,East,2025-07-07,2025-07-09,Beauty,4,257.08,Credit Card,,
10532,User_1632,north,2025-04-19,2025-04-24,Beauty,1,1051.09,Crypto,,
10533,User_1622,South,2025-12-22,2025-12-25,Electronics,4,286.65,Crypto,,
10534,User_1033,  East  ,2025-09-26,2025-09-29,Home,1,647.71,Crypto,,
10535,User_1538,East,2025-04-20,2025-04-27,Home,3,151.2,Credit Card,,
10536,User_1936,  East  ,2025-09-07,2025-09-11,Electronics,5,308.92,PayPal,,
10537,User_1707,SOUTH,2025-10-29,2025-11-02,Home,3,741.04,credit card,,
10538,User_1131,East,2026-03-25,2026-03-28,Apparel,3,1184.03,Crypto,,
10539,User_1839,  East  ,2026-02-07,2026-02-11,Apparel,3,1192.9,PayPal,,
10540,User_1841,North,2025-04-23,2025-04-28,Beauty,1,1125.64,credit card,Damaged Item,1013.08
10541,User_1709,North,2025-03-03,2025-03-07,Apparel,1,128.18,Credit Card,Damaged Item,115.36
10542,User_1242,SOUTH,2025-12-19,2025-12-25,Beauty,1,1191.47,Credit Card,Damaged Item,1072.32
10543,User_1364,  East  ,2026-02-14,2026-02-19,Beauty,1,252.61,Crypto,Fraud Chargeback,252.61
10544,User_1183,north,2025-10-25,2025-10-29,Home,2,1149.54,credit card,,
10545,User_1016,  East  ,2025-10-18,2025-10-23,Beauty,4,892.32,Crypto,,
10546,User_1199,North,2025-11-26,2025-12-02,Home,1,486.05,Crypto,,
10547,User_1531,north,2025-08-27,2025-09-20,Electronics,2,1152.97,PayPal,,
10548,User_1466,  East  ,2025-11-25,2025-11-30,Beauty,1,408.82,credit card,,
10549,User_1675,North,2025-03-16,2025-04-07,Electronics,4,1035.83,PayPal,,
10550,User_1046,north,2025-10-21,2025-10-27,Apparel,4,1197.5,credit card,,
10551,User_1826,  East  ,2026-04-09,2026-04-12,Beauty,5,1054.44,Credit Card,,
10552,User_1144,South,2025-12-31,2026-01-07,Apparel,1,1061.49,PayPal,Damaged Item,955.34
10553,User_1920,north,2026-04-22,2026-05-11,Electronics,0,835.0,PayPal,,
10554,User_1070,  East  ,2026-03-09,2026-03-10,Apparel,2,434.7,Crypto,Fraud Chargeback,869.4
10555,User_1921,north,2025-02-15,2025-03-26,Electronics,2,473.08,Crypto,Fraud Chargeback,946.16
10556,User_1086,North,2026-05-12,2026-06-09,Electronics,3,1154.58,credit card,,
10557,User_1813,north,2025-02-13,2025-02-15,Beauty,2,598.21,PayPal,,
10558,User_1873,North,2025-08-13,2025-08-17,Apparel,2,146.15,Crypto,,
10559,User_1063,South,2025-08-15,2025-08-16,Electronics,1,816.32,Crypto,,
10560,User_1040,East,2025-05-24,2025-05-25,Beauty,3,278.63,PayPal,,
10561,User_1176,SOUTH,2025-05-23,2025-05-27,Home,1,235.38,credit card,,
10562,User_1905,East,2025-12-14,2025-12-15,Electronics,3,1186.16,Crypto,Fraud Chargeback,3558.48
10563,User_1295,South,2025-12-08,2025-12-12,Electronics,5,662.87,Crypto,,
10564,User_1084,West,2025-12-09,2025-12-13,Beauty,5,358.73,Crypto,,
10565,User_1988,East,2025-06-04,2025-06-07,Apparel,5,1074.18,Crypto,,
10566,User_1241,West,2025-06-02,2025-06-04,Home,1,1141.19,PayPal,,
10567,User_1289,north,2026-02-02,2026-02-05,Apparel,1,658.63,Credit Card,,
10568,User_1267,West,2025-11-02,,Home,3,592.05,Credit Card,,
10569,User_1060,SOUTH,2025-07-17,2025-07-20,Electronics,2,985.31,Credit Card,,
10570,User_1665,North,2025-03-27,2025-03-31,Apparel,1,373.46,credit card,Damaged Item,336.11
10571,User_1714,South,2025-03-18,,Electronics,2,1066.61,Crypto,,
10572,User_1997,north,2025-05-19,2025-06-17,Electronics,4,133.72,Credit Card,,
10573,User_1497,West,2026-04-08,2026-04-12,Home,3,802.32,PayPal,,
10574,User_1066,SOUTH,2026-01-27,,Apparel,3,407.06,Credit Card,,
10575,User_1287,SOUTH,2025-12-06,2025-12-08,Electronics,3,674.52,Crypto,Fraud Chargeback,2023.56
10576,User_1823,West,2025-05-26,2025-06-01,Apparel,4,1179.36,Credit Card,,
10577,User_1886,West,2025-04-20,2025-04-22,Electronics,1,728.74,credit card,,
10578,User_1177,north,2025-04-18,2025-05-22,Electronics,4,848.78,PayPal,,
10579,User_1576,East,2025-10-18,2025-10-21,Electronics,3,972.45,credit card,,
10580,User_1049,South,2025-06-01,2025-06-02,Beauty,5,640.14,Credit Card,,
10581,User_1867,West,2025-06-24,2025-06-26,Electronics,1,240.76,Credit Card,,
10582,User_1613,North,2025-12-21,2025-12-22,Home,3,53.01,credit card,,
10583,User_1704,  East  ,2026-01-22,2026-01-27,Apparel,3,489.45,credit card,Damaged Item,1321.51
10584,User_1387,SOUTH,2026-01-01,2026-01-05,Beauty,3,1032.97,Crypto,,
10585,User_1987,North,2026-05-03,2026-05-06,Apparel,5,84.55,PayPal,,
10586,User_1596,SOUTH,2025-04-19,2025-04-22,Beauty,1,132.19,Credit Card,,
10587,User_1726,North,2025-05-18,2025-05-23,Home,2,1004.02,Crypto,,
10588,User_1477,north,2025-03-30,2025-04-25,Electronics,5,510.18,credit card,,
10589,User_1062,  East  ,2025-10-03,,Electronics,2,1158.08,Crypto,,
10590,User_1966,West,2025-06-18,2025-06-25,Beauty,4,643.15,Crypto,,
10591,User_1605,South,2026-01-24,2026-01-28,Home,5,832.22,PayPal,,
10592,User_1041,  East  ,2026-01-15,2026-01-22,Home,2,85.87,Crypto,,
10593,User_1210,West,2025-05-23,2025-05-28,Apparel,1,807.55,credit card,,
10594,User_1775,East,2025-03-06,2025-03-13,Beauty,2,312.44,Credit Card,,
10595,User_1005,North,2026-01-05,2026-01-06,Beauty,4,383.0,Credit Card,,
10596,User_1502,East,2025-02-10,2025-02-15,Beauty,2,520.01,credit card,,
10597,User_1939,north,2026-02-26,2026-03-21,Electronics,5,374.38,PayPal,,
10598,User_1959,West,2025-09-28,,Beauty,1,673.34,credit card,,
10599,User_1816,north,2026-04-03,2026-04-04,Beauty,4,308.94,PayPal,,
10600,User_1025,South,2025-03-19,2025-03-21,Electronics,0,-75.0,Crypto,,
10601,User_1513,East,2025-04-27,2025-05-02,Home,5,1164.06,Crypto,,
10602,User_1144,north,2026-01-18,2026-01-23,Beauty,5,452.98,credit card,,
10603,User_1462,West,2025-05-18,2025-05-19,Electronics,2,934.22,Crypto,Fraud Chargeback,1868.44
10604,User_1319,North,2025-03-07,2025-03-11,Home,5,581.7,Crypto,,
10605,User_1924,West,2026-01-25,2026-01-27,Apparel,0,443.08,PayPal,,
10606,User_1671,north,2025-08-08,2025-08-14,Apparel,2,1111.83,Crypto,,
10607,User_1756,  East  ,2025-10-09,2025-10-13,Apparel,1,688.54,credit card,Damaged Item,619.69
10608,User_1579,South,2025-01-13,2025-01-19,Apparel,4,782.91,PayPal,,
10609,User_1507,SOUTH,2025-07-23,2025-07-26,Apparel,2,1187.18,Crypto,Fraud Chargeback,2374.36
10610,User_1151,SOUTH,2026-03-19,2026-03-22,Electronics,5,825.67,PayPal,,
10611,User_1102,north,2026-02-27,2026-03-06,Home,4,778.77,Credit Card,,
10612,User_1196,East,2025-06-18,2025-06-20,Home,3,1059.67,Credit Card,,
10613,User_1101,North,2025-07-30,2025-08-17,Electronics,3,676.51,PayPal,,
10614,User_1696,East,2025-10-07,2025-10-08,Electronics,4,991.8,Crypto,Fraud Chargeback,3967.2
10615,User_1318,West,2025-12-05,2025-12-11,Apparel,4,855.84,PayPal,,
10616,User_1780,North,2025-09-06,2025-09-08,Home,3,309.25,Credit Card,,
10617,User_1242,North,2025-03-05,2025-03-06,Home,3,29.49,Credit Card,Damaged Item,79.62
10618,User_1481,  East  ,2026-04-01,2026-04-04,Home,3,956.32,PayPal,,
10619,User_1501,  East  ,2025-04-26,2025-04-30,Home,4,479.87,Credit Card,,
10620,User_1680,North,2025-05-03,2025-05-05,Beauty,1,1126.0,Crypto,,
10621,User_1634,West,2025-06-19,2025-06-22,Beauty,1,890.03,credit card,,
10622,User_1247,South,2025-10-21,2025-10-25,Beauty,1,716.11,Crypto,Fraud Chargeback,716.11
10623,User_1756,North,2025-04-17,2025-04-21,Home,1,775.65,Credit Card,,
10624,User_1266,North,2025-02-26,2025-03-02,Beauty,2,772.87,PayPal,,
10625,User_1018,North,2025-08-14,2025-08-19,Home,2,928.37,credit card,Damaged Item,1671.07
10626,User_1695,SOUTH,2025-02-02,2025-02-05,Beauty,2,637.92,credit card,Damaged Item,1148.26
10627,User_1006,  East  ,2026-05-03,2026-05-04,Electronics,5,492.56,Crypto,,
10628,User_1760,SOUTH,2025-10-17,2025-10-19,Beauty,4,1018.25,Credit Card,,
10629,User_1913,North,2025-02-27,2025-04-03,Electronics,3,277.79,credit card,,
10630,User_1967,East,2025-01-16,2025-01-20,Electronics,4,577.96,Crypto,,
10631,User_1396,South,2025-11-11,2025-11-13,Home,3,783.83,credit card,,
10632,User_1220,North,2025-05-30,2025-06-06,Home,5,799.56,Credit Card,,
10633,User_1734,north,2025-12-19,2025-12-21,Home,5,973.16,Crypto,,
10634,User_1077,north,2025-08-13,2025-09-20,Electronics,5,796.86,credit card,,
10635,User_1861,North,2026-01-28,2026-02-28,Electronics,1,864.48,Crypto,Fraud Chargeback,864.48
10636,User_1015,SOUTH,2025-06-29,2025-07-03,Electronics,2,1076.69,credit card,,
10637,User_1149,South,2025-01-27,2025-01-30,Home,4,153.31,Credit Card,,
10638,User_1668,  East  ,2025-10-19,2025-10-20,Electronics,2,27.21,PayPal,,
10639,User_1387,East,2025-09-29,2025-10-03,Home,3,273.12,credit card,,
10640,User_1533,north,2025-10-17,2025-10-24,Beauty,3,391.24,Crypto,Fraud Chargeback,1173.72
10641,User_1367,  East  ,2025-04-29,2025-05-06,Home,1,344.88,credit card,,
10642,User_1071,East,2025-12-03,2025-12-06,Electronics,3,242.12,Crypto,Fraud Chargeback,726.36
10643,User_1869,North,2026-01-30,2026-02-01,Apparel,4,844.44,PayPal,,
10644,User_1003,SOUTH,2026-02-13,2026-02-18,Apparel,5,1041.28,Crypto,,
10645,User_1650,South,2026-03-21,2026-03-23,Home,4,105.55,credit card,,
10646,User_1683,North,2025-11-29,2025-12-06,Beauty,3,134.94,Crypto,Fraud Chargeback,404.82
10647,User_1652,north,2025-02-08,2025-03-07,Electronics,3,1104.13,Crypto,Damaged Item,2981.15
10648,User_1881,  East  ,2026-01-19,2026-01-22,Beauty,1,744.61,Crypto,,
10649,User_1806,  East  ,2025-04-09,2025-04-16,Home,4,731.42,credit card,,
10650,User_1095,South,2025-12-30,2025-12-31,Home,4,840.63,credit card,,
10651,User_1185,north,2026-02-25,2026-03-04,Apparel,2,566.86,Crypto,Fraud Chargeback,1133.72
10652,User_1448,West,2025-09-18,2025-09-23,Electronics,2,962.77,credit card,,
10653,User_1417,SOUTH,2026-02-28,2026-03-02,Home,4,462.1,Crypto,,
10654,User_1632,SOUTH,2026-03-10,2026-03-15,Beauty,2,1153.65,Credit Card,,
10655,User_1978,West,2025-10-03,2025-10-09,Electronics,4,1147.07,credit card,,
10656,User_1780,  East  ,2025-04-03,2025-04-07,Beauty,1,-75.0,PayPal,,
10657,User_1689,North,2026-05-13,2026-06-05,Electronics,1,621.83,credit card,,
10658,User_1387,  East  ,2025-10-02,2025-10-06,Apparel,5,990.97,credit card,,
10659,User_1059,north,2026-03-08,2026-03-12,Apparel,1,19.63,credit card,,
10660,User_1420,North,2026-05-13,2026-06-07,Electronics,2,961.31,Crypto,Fraud Chargeback,1922.62
10661,User_1351,South,2025-09-02,,Home,4,889.84,PayPal,,
10662,User_1353,  East  ,2025-03-01,2025-03-07,Home,2,258.78,Credit Card,,
10663,User_1794,West,2025-07-31,2025-08-03,Apparel,3,978.14,credit card,,
10664,User_1598,West,2025-10-02,2025-10-09,Electronics,2,881.33,PayPal,,
10665,User_1218,SOUTH,2025-05-06,2025-05-09,Home,4,1070.86,PayPal,,
10666,User_1497,  East  ,2025-04-21,2025-04-26,Apparel,1,274.3,Crypto,,
10667,User_1396,South,2025-09-12,2025-09-13,Apparel,5,311.1,credit card,,
10668,User_1880,North,2025-09-23,2025-09-25,Beauty,1,292.79,Crypto,,
10669,User_1998,West,2026-05-12,2026-05-18,Beauty,1,954.22,PayPal,,
10670,User_1881,East,2025-11-22,,Electronics,1,-75.0,Credit Card,,
10671,User_1541,North,2025-01-29,2025-02-03,Home,1,980.36,Credit Card,,
10672,User_1579,West,2025-08-06,2025-08-09,Apparel,1,1006.91,Credit Card,,
10673,User_1590,  East  ,2026-01-10,2026-01-17,Electronics,3,914.76,credit card,,
10674,User_1627,north,2025-08-14,2025-08-21,Apparel,5,151.36,credit card,Damaged Item,681.12
10675,User_1966,West,2025-12-07,2025-12-12,Beauty,5,1149.39,Crypto,,
10676,User_1662,north,2025-04-29,,Home,4,821.53,Credit Card,,
10677,User_1724,north,2025-01-31,2025-02-03,Apparel,3,432.82,credit card,,
10678,User_1649,South,2025-03-02,2025-03-03,Home,2,824.97,credit card,,
10679,User_1769,North,2025-03-13,2025-04-14,Electronics,1,934.89,Crypto,,
10680,User_1434,South,2026-01-10,2026-01-13,Home,4,232.57,Credit Card,Wrong Size,837.25
10681,User_1695,East,2025-01-10,2025-01-15,Home,2,506.68,Crypto,Fraud Chargeback,1013.36
10682,User_1563,north,2026-03-11,2026-03-13,Apparel,1,554.13,Crypto,,
10683,User_1081,SOUTH,2026-03-13,2026-03-15,Home,3,958.38,Credit Card,,
10684,User_1628,  East  ,2025-07-26,2025-08-02,Electronics,4,214.2,Credit Card,,
10685,User_1196,West,2025-07-05,2025-07-11,Electronics,1,833.26,Crypto,Fraud Chargeback,833.26
10686,User_1156,SOUTH,2026-01-18,2026-01-23,Home,2,142.74,PayPal,,
10687,User_1546,north,2025-07-23,2025-07-24,Beauty,5,392.33,PayPal,,
10688,User_1545,North,2025-01-06,2025-01-30,Electronics,4,459.82,Crypto,,
10689,User_1751,North,2025-01-07,2025-01-11,Beauty,1,544.95,Credit Card,,
10690,User_1425,North,2025-04-25,2025-06-06,Electronics,3,890.68,credit card,,
10691,User_1735,  East  ,2025-11-04,2025-11-11,Electronics,5,587.0,credit card,,
10692,User_1752,  East  ,2025-08-02,2025-08-09,Beauty,3,283.26,Crypto,,
10693,User_1381,SOUTH,2026-02-26,2026-02-28,Apparel,1,334.96,Crypto,,
10694,User_1864,South,2025-11-07,2025-11-08,Home,3,243.16,Credit Card,,
10695,User_1734,South,2025-06-09,2025-06-13,Apparel,4,250.98,PayPal,,
10696,User_1397,SOUTH,2025-09-24,2025-09-25,Home,2,1120.19,Credit Card,,
10697,User_1281,SOUTH,2026-05-15,2026-05-19,Home,2,989.1,Crypto,Fraud Chargeback,1978.2
10698,User_1760,  East  ,2025-01-20,2025-01-23,Home,3,1196.89,Credit Card,,
10699,User_1154,South,2025-11-04,2025-11-10,Apparel,3,671.74,PayPal,,
10700,User_1383,  East  ,2025-09-12,2025-09-19,Electronics,3,339.66,Credit Card,,
10701,User_1798,East,2026-03-23,2026-03-25,Home,2,748.2,Credit Card,,
10702,User_1918,North,2026-04-06,2026-04-08,Beauty,2,375.3,credit card,,
10703,User_1851,South,2025-09-16,2025-09-21,Apparel,4,478.61,Credit Card,,
10704,User_1535,SOUTH,2025-03-13,2025-03-17,Home,4,345.3,credit card,,
10705,User_1071,West,2026-03-24,2026-03-26,Home,3,142.27,PayPal,,
10706,User_1209,SOUTH,2026-02-15,2026-02-17,Electronics,5,260.38,PayPal,,
10707,User_1937,North,2025-03-09,2025-03-10,Apparel,5,435.97,Crypto,,
10708,User_1472,North,2025-07-19,2025-07-25,Apparel,1,464.54,PayPal,,
10709,User_1971,  East  ,2025-01-20,2025-01-26,Apparel,1,167.16,PayPal,,
10710,User_1071,SOUTH,2025-02-25,2025-03-03,Home,1,791.66,Credit Card,,
10711,User_1679,South,2025-10-09,2025-10-14,Home,1,536.52,Crypto,Fraud Chargeback,536.52
10712,User_1057,South,2025-05-17,2025-05-22,Electronics,1,993.51,Credit Card,,
10713,User_1960,South,2026-05-09,2026-05-14,Beauty,4,456.43,Crypto,,
10714,User_1850,South,2025-05-08,2025-05-13,Apparel,2,906.69,Crypto,Fraud Chargeback,1813.38
10715,User_1565,South,2025-02-25,2025-03-03,Electronics,3,1156.5,PayPal,,
10716,User_1927,West,2025-10-29,2025-11-02,Apparel,4,226.22,Crypto,,
10717,User_1973,SOUTH,2026-02-28,2026-03-01,Apparel,2,186.3,Crypto,,
10718,User_1963,South,2025-05-31,2025-06-03,Beauty,2,816.88,Credit Card,,
10719,User_1093,East,2025-05-13,2025-05-20,Electronics,2,1005.76,PayPal,,
10720,User_1944,north,2025-09-11,2025-09-16,Home,5,511.48,PayPal,,
10721,User_1402,  East  ,2025-11-13,2025-11-15,Home,1,1130.37,PayPal,,
10722,User_1576,North,2025-07-13,2025-07-15,Apparel,3,865.8,PayPal,,
10723,User_1383,SOUTH,2025-12-11,2025-12-17,Beauty,5,481.05,PayPal,,
10724,User_1850,north,2025-10-12,2025-10-16,Beauty,1,986.48,credit card,,
10725,User_1827,north,2026-02-04,2026-03-15,Electronics,3,784.66,Credit Card,,
10726,User_1540,SOUTH,2025-12-31,2026-01-06,Beauty,1,1011.91,credit card,,
10727,User_1776,north,2025-09-19,2025-10-26,Electronics,5,673.69,PayPal,,
10728,User_1860,  East  ,2026-04-04,2026-04-06,Home,1,575.17,credit card,,
10729,User_1077,north,2025-04-13,2025-04-20,Home,1,279.73,PayPal,,
10730,User_1702,  East  ,2025-08-12,2025-08-15,Beauty,2,345.8,PayPal,,
10731,User_1848,north,2025-02-02,2025-02-03,Home,3,817.16,Credit Card,,
10732,User_1128,  East  ,2025-06-11,2025-06-16,Beauty,5,1141.89,Credit Card,,
10733,User_1327,  East  ,2026-02-09,2026-02-16,Beauty,1,987.18,Crypto,,
10734,User_1215,East,2025-12-20,2025-12-26,Beauty,1,155.68,Credit Card,,
10735,User_1754,  East  ,2025-10-06,2025-10-10,Beauty,2,285.83,credit card,,
10736,User_1164,north,2026-02-18,2026-02-19,Beauty,4,45.77,PayPal,Damaged Item,164.77
10737,User_1728,north,2025-03-08,2025-04-10,Electronics,4,274.66,PayPal,,
10738,User_1746,North,2025-12-04,2025-12-05,Home,1,1010.57,Crypto,,
10739,User_1120,East,2026-05-03,2026-05-07,Beauty,5,397.92,Credit Card,,
10740,User_1471,South,2025-07-04,2025-07-07,Home,4,862.42,credit card,Wrong Size,3104.71
10741,User_1691,north,2025-07-09,2025-07-10,Beauty,5,553.8,PayPal,,
10742,User_1715,north,2025-08-12,2025-09-19,Electronics,2,153.0,Crypto,,
10743,User_1552,West,2025-11-15,2025-11-19,Apparel,4,1042.92,Crypto,Fraud Chargeback,4171.68
10744,User_1085,South,2026-04-15,2026-04-22,Beauty,5,1051.09,Credit Card,,
10745,User_1727,East,2026-04-22,2026-04-27,Electronics,3,148.62,PayPal,,
10746,User_1848,north,2025-02-17,2025-02-18,Beauty,4,152.14,Credit Card,,
10747,User_1565,South,2025-11-15,2025-11-18,Home,4,1055.17,credit card,,
10748,User_1367,SOUTH,2025-06-30,2025-07-06,Beauty,2,486.3,PayPal,,
10749,User_1369,East,2025-09-14,2025-09-20,Electronics,2,250.5,Crypto,Fraud Chargeback,501.0
10750,User_1376,North,2026-03-11,2026-03-15,Beauty,4,847.5,credit card,,
10751,User_1619,north,2025-03-03,2025-03-22,Electronics,5,513.24,credit card,,
10752,User_1506,South,2025-01-21,2025-01-26,Beauty,4,54.31,Credit Card,,
10753,User_1154,North,2026-03-04,2026-03-06,Beauty,4,328.27,credit card,,
10754,User_1194,SOUTH,2025-04-24,2025-04-27,Beauty,3,786.43,Crypto,,
10755,User_1391,SOUTH,2026-03-19,2026-03-25,Home,5,561.07,PayPal,,
10756,User_1076,  East  ,2025-10-09,2025-10-12,Electronics,5,1141.99,PayPal,,
10757,User_1135,West,2026-03-30,2026-04-05,Beauty,2,742.14,credit card,,
10758,User_1844,East,2025-06-08,2025-06-12,Home,5,1120.77,PayPal,Damaged Item,5043.47
10759,User_1178,  East  ,2025-06-03,2025-06-07,Beauty,1,690.58,Credit Card,,
10760,User_1102,  East  ,2025-02-18,2025-02-24,Home,5,190.28,credit card,,
10761,User_1434,north,2025-04-11,2025-04-16,Home,5,953.93,PayPal,,
10762,User_1059,South,2025-07-07,2025-07-08,Apparel,1,657.56,credit card,,
10763,User_1858,SOUTH,2025-09-22,2025-09-23,Electronics,1,525.71,Credit Card,,
10764,User_1057,South,2025-10-03,,Apparel,4,345.55,PayPal,,
10765,User_1539,SOUTH,2026-01-05,,Apparel,1,961.5,Crypto,,
10766,User_1285,South,2026-05-07,2026-05-10,Apparel,5,864.27,credit card,,
10767,User_1283,North,2025-08-17,2025-09-05,Electronics,3,842.62,credit card,,
10768,User_1032,North,2025-07-12,2025-07-18,Apparel,3,1171.48,Crypto,,
10769,User_1924,North,2025-03-22,2025-03-24,Apparel,3,958.94,PayPal,,
10770,User_1027,North,2025-02-25,2025-03-01,Home,3,99.95,Credit Card,,
10771,User_1777,East,2026-04-19,2026-04-21,Electronics,1,948.72,Crypto,Fraud Chargeback,948.72
10772,User_1406,West,2026-03-17,2026-03-22,Beauty,2,824.08,PayPal,,
10773,User_1058,South,2025-02-11,2025-02-13,Apparel,1,430.5,credit card,,
10774,User_1641,SOUTH,2026-01-08,2026-01-14,Beauty,5,1048.78,Credit Card,Wrong Size,4719.51
10775,User_1022,North,2025-01-15,2025-01-22,Home,1,547.3,Credit Card,,
10776,User_1228,SOUTH,2026-01-24,2026-01-29,Home,2,80.67,Credit Card,,
10777,User_1805,East,2025-08-22,2025-08-23,Home,3,768.15,Crypto,,
10778,User_1588,North,2026-03-17,2026-03-24,Apparel,4,608.53,PayPal,,
10779,User_1874,SOUTH,2025-02-25,2025-02-27,Apparel,5,1099.45,credit card,,
10780,User_1010,  East  ,2025-05-20,2025-05-27,Electronics,2,1081.12,PayPal,,
10781,User_1044,West,2025-04-21,2025-04-28,Beauty,4,710.11,credit card,,
10782,User_1413,North,2025-02-28,2025-03-01,Beauty,2,635.84,Crypto,Fraud Chargeback,1271.68
10783,User_1265,north,2025-08-03,2025-08-31,Electronics,1,983.73,PayPal,,
10784,User_1418,South,2025-10-03,2025-10-10,Beauty,4,725.97,PayPal,,
10785,User_1648,  East  ,2025-03-05,2025-03-07,Electronics,1,923.54,credit card,,
10786,User_1742,South,2025-07-05,2025-07-10,Electronics,4,691.55,Crypto,,
10787,User_1262,North,2025-09-13,2025-09-20,Beauty,3,893.28,PayPal,,
10788,User_1751,  East  ,2026-03-13,2026-03-18,Home,2,879.62,credit card,,
10789,User_1107,East,2025-06-02,2025-06-08,Beauty,2,868.31,Credit Card,,
10790,User_1686,West,2025-03-10,2025-03-17,Electronics,4,172.77,credit card,,
10791,User_1232,SOUTH,2025-03-28,2025-03-31,Electronics,3,339.79,credit card,,
10792,User_1869,SOUTH,2026-03-02,2026-03-05,Electronics,2,848.6,Crypto,,
10793,User_1197,  East  ,2026-05-12,2026-05-19,Apparel,2,935.12,credit card,,
10794,User_1112,East,2025-08-14,2025-08-20,Electronics,3,158.68,credit card,,
10795,User_1682,West,2025-11-19,2025-11-23,Apparel,3,1128.57,credit card,,
10796,User_1618,  East  ,2025-06-04,2025-06-06,Home,5,855.27,Credit Card,,
10797,User_1295,north,2025-10-16,2025-10-22,Apparel,4,557.97,credit card,,
10798,User_1504,West,2025-11-17,2025-11-24,Apparel,4,308.04,credit card,,
10799,User_1026,  East  ,2025-05-01,2025-05-05,Beauty,2,295.77,PayPal,,
10800,User_1353,North,2026-04-13,2026-04-15,Beauty,2,657.76,PayPal,,
10801,User_1267,North,2026-02-19,2026-02-23,Apparel,5,471.46,Crypto,Fraud Chargeback,2357.3
10802,User_1620,West,2025-11-13,2025-11-17,Home,3,591.41,PayPal,,
10803,User_1544,SOUTH,2026-05-01,2026-05-05,Home,4,69.83,Credit Card,,
10804,User_1392,East,2025-01-12,2025-01-17,Electronics,2,703.8,Crypto,,
10805,User_1437,East,2025-08-20,2025-08-27,Beauty,5,317.63,Credit Card,,
10806,User_1162,  East  ,2026-01-26,2026-01-27,Home,1,984.38,credit card,Damaged Item,885.94
10807,User_1091,north,2025-08-27,2025-09-01,Apparel,4,109.08,credit card,,
10808,User_1713,South,2025-03-07,2025-03-08,Beauty,3,797.62,PayPal,,
10809,User_1884,West,2026-05-15,2026-05-16,Beauty,1,1158.6,Credit Card,,
10810,User_1703,West,2025-03-01,2025-03-05,Electronics,1,196.27,credit card,,
10811,User_1421,West,2025-11-27,2025-11-28,Home,4,94.2,PayPal,,
10812,User_1917,North,2025-09-08,2025-10-12,Electronics,2,722.49,PayPal,,
10813,User_1577,SOUTH,2025-06-13,2025-06-19,Beauty,3,164.46,Crypto,,
10814,User_1397,north,2025-01-25,2025-01-27,Home,1,406.87,Crypto,,
10815,User_1296,South,2025-03-23,2025-03-25,Apparel,1,313.72,credit card,,
10816,User_1069,East,2025-07-16,2025-07-17,Apparel,4,31.47,Crypto,Fraud Chargeback,125.88
10817,User_1463,North,2025-10-03,2025-11-06,Electronics,2,681.42,Credit Card,,
10818,User_1621,  East  ,2026-05-15,2026-05-16,Beauty,3,518.91,credit card,,
10819,User_1093,  East  ,2026-02-10,2026-02-16,Beauty,3,835.35,credit card,,
10820,User_1734,East,2025-02-14,2025-02-17,Apparel,4,1174.6,credit card,,
10821,User_1255,East,2025-07-15,,Beauty,5,573.01,Crypto,Fraud Chargeback,2865.05
10822,User_1142,north,2025-08-16,2025-09-10,Electronics,4,205.91,PayPal,,
10823,User_1686,West,2025-04-28,2025-04-30,Home,3,340.46,Crypto,Fraud Chargeback,1021.38
10824,User_1230,north,2025-04-05,,Apparel,2,1140.0,credit card,,
10825,User_1092,North,2025-12-25,2025-12-29,Home,1,1083.2,credit card,,
10826,User_1840,north,2026-03-24,2026-03-25,Beauty,4,437.27,PayPal,,
10827,User_1454,South,2025-12-21,2025-12-25,Home,3,842.11,Crypto,Fraud Chargeback,2526.33
10828,User_1819,North,2025-01-01,2025-01-30,Electronics,4,759.93,PayPal,,
10829,User_1533,South,2025-09-08,2025-09-12,Electronics,3,428.01,PayPal,,
10830,User_1762,North,2025-10-24,2025-10-27,Home,4,742.49,Credit Card,,
10831,User_1939,north,2026-05-06,2026-06-04,Electronics,2,941.1,Credit Card,,
10832,User_1370,  East  ,2025-05-19,2025-05-20,Home,3,44.61,Crypto,Fraud Chargeback,133.83
10833,User_1088,North,2025-11-21,2025-11-26,Home,1,77.55,credit card,,
10834,User_1429,north,2025-10-20,2025-11-25,Electronics,3,507.41,PayPal,,
10835,User_1474,East,2026-04-09,2026-04-13,Apparel,3,1178.59,PayPal,,
10836,User_1371,West,2025-07-30,2025-08-01,Beauty,1,1079.81,credit card,,
10837,User_1651,South,2026-04-23,2026-04-27,Home,1,1078.02,credit card,,
10838,User_1835,South,2026-04-22,2026-04-29,Home,4,511.67,credit card,,
10839,User_1213,South,2025-04-03,2025-04-04,Beauty,1,801.49,Credit Card,,
10840,User_1859,East,2025-12-23,2025-12-24,Apparel,5,779.71,Credit Card,,
10841,User_1117,North,2025-03-13,2025-04-06,Electronics,4,578.9,PayPal,,
10842,User_1422,  East  ,2026-02-02,2026-02-03,Apparel,1,1164.08,Crypto,Fraud Chargeback,1164.08
10843,User_1150,north,2025-11-17,2025-11-18,Apparel,1,711.97,Crypto,,
10844,User_1594,north,2025-06-17,2025-07-28,Electronics,4,72.8,credit card,,
10845,User_1352,North,2025-07-06,2025-07-11,Beauty,1,202.09,credit card,,
10846,User_1566,West,2026-02-05,2026-02-08,Electronics,3,105.3,Crypto,,
10847,User_1144,South,2025-06-19,2025-06-24,Electronics,5,850.92,PayPal,,
10848,User_1200,North,2025-10-12,2025-10-17,Home,3,1075.85,PayPal,,
10849,User_1944,  East  ,2025-07-26,2025-08-01,Beauty,4,1088.88,PayPal,,
10850,User_1168,  East  ,2026-01-08,2026-01-14,Apparel,4,392.43,Crypto,Fraud Chargeback,1569.72
10851,User_1219,West,2026-02-04,2026-02-05,Electronics,3,1179.1,PayPal,,
10852,User_1773,North,2025-02-28,2025-03-06,Beauty,5,697.25,PayPal,,
10853,User_1774,West,2025-08-02,2025-08-05,Home,4,1055.69,credit card,,
10854,User_1573,north,2025-07-19,2025-07-23,Beauty,1,1133.49,Crypto,,
10855,User_1519,South,2025-06-02,2025-06-06,Home,4,857.7,PayPal,,
10856,User_1217,north,2026-02-23,2026-02-27,Home,4,410.66,credit card,Wrong Size,1478.38
10857,User_1585,East,2026-02-03,2026-02-06,Apparel,3,361.39,Crypto,,
10858,User_1949,  East  ,2025-02-10,2025-02-14,Apparel,5,1050.61,credit card,,
10859,User_1636,North,2025-08-02,2025-08-07,Apparel,4,1056.0,Credit Card,Damaged Item,3801.6
10860,User_1449,north,2025-02-11,2025-02-12,Apparel,1,177.09,PayPal,,
10861,User_1437,South,2025-04-12,2025-04-14,Electronics,2,783.78,Crypto,,
10862,User_1156,north,2025-04-06,2025-04-24,Electronics,2,1000.29,credit card,,
10863,User_1008,SOUTH,2026-03-02,2026-03-09,Beauty,5,553.33,Crypto,Fraud Chargeback,2766.65
10864,User_1654,East,2025-06-10,2025-06-12,Home,4,338.0,PayPal,,
10865,User_1752,  East  ,2025-08-22,2025-08-25,Apparel,3,25.24,Crypto,,
10866,User_1393,East,2025-02-21,2025-02-23,Electronics,5,732.22,Crypto,,
10867,User_1380,  East  ,2026-02-03,2026-02-08,Apparel,2,854.65,PayPal,,
10868,User_1871,SOUTH,2025-02-15,2025-02-22,Beauty,1,895.9,Crypto,Fraud Chargeback,895.9
10869,User_1535,SOUTH,2025-01-08,2025-01-11,Beauty,1,982.4,Crypto,,
10870,User_1971,north,2025-01-18,2025-01-20,Beauty,3,466.32,Credit Card,,
10871,User_1622,north,2025-02-11,2025-02-15,Home,3,458.88,credit card,Wrong Size,1238.98
10872,User_1561,SOUTH,2026-05-08,2026-05-12,Home,5,875.73,PayPal,Damaged Item,3940.78
10873,User_1553,South,2025-10-10,2025-10-17,Apparel,3,35.31,credit card,Wrong Size,95.34
10874,User_1672,East,2025-12-22,2025-12-27,Beauty,1,383.9,PayPal,,
10875,User_1346,South,2026-02-07,2026-02-09,Apparel,1,565.62,Crypto,,
10876,User_1967,North,2025-11-29,2025-12-01,Apparel,4,286.45,PayPal,,
10877,User_1770,north,2026-02-07,2026-02-09,Apparel,5,768.84,PayPal,,
10878,User_1775,North,2025-10-24,2025-10-28,Apparel,1,673.46,PayPal,,
10879,User_1715,north,2025-01-14,2025-02-01,Electronics,5,358.56,PayPal,,
10880,User_1876,South,2025-01-16,2025-01-21,Beauty,1,1100.71,Crypto,Fraud Chargeback,1100.71
10881,User_1481,SOUTH,2025-09-15,2025-09-16,Apparel,1,100.34,Credit Card,,
10882,User_1706,SOUTH,2026-03-20,2026-03-27,Electronics,4,1137.48,credit card,,
10883,User_1979,  East  ,2025-05-29,2025-06-03,Home,3,943.2,PayPal,,
10884,User_1864,  East  ,2026-02-12,2026-02-17,Home,3,944.01,Crypto,,
10885,User_1882,north,2026-03-10,2026-03-11,Apparel,3,984.61,Credit Card,,
10886,User_1561,North,2025-05-08,2025-05-13,Beauty,1,223.6,Credit Card,,
10887,User_1440,  East  ,2025-05-25,2025-05-27,Apparel,3,374.51,PayPal,,
10888,User_1162,SOUTH,2025-08-24,2025-08-30,Beauty,3,825.44,PayPal,,
10889,User_1909,SOUTH,2025-12-20,2025-12-24,Beauty,4,963.21,Crypto,Fraud Chargeback,3852.84
10890,User_1764,West,2025-02-13,2025-02-20,Beauty,3,72.46,credit card,,
10891,User_1826,  East  ,2025-08-20,2025-08-24,Home,4,949.63,PayPal,,
10892,User_1372,East,2025-11-25,2025-11-27,Apparel,1,1189.5,PayPal,,
10893,User_1786,SOUTH,2025-04-02,2025-04-07,Beauty,1,572.42,Credit Card,,
10894,User_1016,South,2025-02-26,2025-03-02,Apparel,4,782.41,PayPal,,
10895,User_1361,North,2025-08-15,2025-09-04,Electronics,5,449.98,credit card,,
10896,User_1254,  East  ,2025-01-04,2025-01-06,Beauty,3,1181.38,Credit Card,,
10897,User_1583,West,2025-04-30,2025-05-05,Apparel,3,535.73,Crypto,,
10898,User_1934,North,2026-02-15,2026-02-22,Beauty,2,585.95,Credit Card,,
10899,User_1517,SOUTH,2026-01-31,2026-02-03,Electronics,3,520.85,Crypto,Fraud Chargeback,1562.55
10900,User_1712,  East  ,2025-11-26,2025-11-27,Home,1,483.74,credit card,,
10901,User_1795,North,2025-11-28,2025-12-25,Electronics,5,267.42,Credit Card,,
10902,User_1539,South,2026-05-06,2026-05-11,Electronics,1,209.51,Crypto,,
10903,User_1999,  East  ,2025-08-21,2025-08-24,Apparel,5,1180.16,credit card,,
10904,User_1694,SOUTH,2025-04-15,2025-04-21,Beauty,2,50.51,Crypto,Fraud Chargeback,101.02
10905,User_1994,West,2025-03-13,2025-03-14,Beauty,2,671.37,Crypto,,
10906,User_1949,  East  ,2025-11-05,2025-11-08,Home,3,878.63,PayPal,,
10907,User_1354,SOUTH,2025-12-02,2025-12-09,Beauty,5,790.6,Crypto,Fraud Chargeback,3953.0
10908,User_1634,North,2025-12-09,2026-01-02,Electronics,5,779.56,Crypto,,
10909,User_1234,North,2026-02-13,2026-03-22,Electronics,2,922.99,Crypto,,
10910,User_1430,West,2026-02-14,2026-02-16,Home,3,596.6,Credit Card,,
10911,User_1497,North,2025-08-09,2025-08-10,Apparel,3,93.04,Credit Card,,
10912,User_1950,north,2025-03-15,2025-03-20,Home,1,68.75,credit card,,
10913,User_1373,East,2025-07-27,2025-07-31,Apparel,4,454.88,PayPal,,
10914,User_1240,South,2026-01-17,2026-01-18,Electronics,1,965.57,PayPal,,
10915,User_1409,East,2025-03-08,2025-03-14,Electronics,5,265.91,Crypto,,
10916,User_1003,  East  ,2025-12-10,,Apparel,4,1078.82,Crypto,Wrong Size,3883.75
10917,User_1492,South,2025-07-17,2025-07-18,Beauty,5,1077.52,PayPal,Damaged Item,4848.84
10918,User_1884,  East  ,2026-03-19,2026-03-22,Beauty,1,1071.8,PayPal,,
10919,User_1769,East,2025-12-13,2025-12-14,Beauty,3,991.69,Crypto,Fraud Chargeback,2975.07
10920,User_1243,North,2025-02-26,2025-03-04,Home,3,838.65,Credit Card,,
10921,User_1941,  East  ,2025-11-05,2025-11-08,Electronics,1,247.7,Credit Card,,
10922,User_1445,  East  ,2025-11-28,2025-12-02,Apparel,1,704.23,credit card,,
10923,User_1204,South,2025-02-07,2025-02-12,Electronics,5,531.47,Credit Card,,
10924,User_1238,  East  ,2025-03-29,2025-04-01,Apparel,2,1158.59,Credit Card,,
10925,User_1798,East,2026-01-02,2026-01-06,Home,3,697.31,PayPal,,
10926,User_1752,South,2026-02-15,2026-02-21,Apparel,5,483.31,credit card,,
10927,User_1303,East,2025-04-27,2025-04-28,Apparel,3,1183.02,PayPal,Damaged Item,3194.15
10928,User_1398,north,2025-12-07,2025-12-08,Apparel,2,1195.86,PayPal,,
10929,User_1339,SOUTH,2026-02-09,2026-02-15,Apparel,2,981.61,Crypto,,
10930,User_1823,  East  ,2026-03-16,2026-03-23,Beauty,5,78.22,Credit Card,,
10931,User_1934,South,2025-11-05,,Electronics,3,222.79,credit card,,
10932,User_1973,South,2026-02-12,2026-02-16,Home,1,34.98,credit card,,
10933,User_1545,South,2025-02-04,,Apparel,2,876.68,credit card,Damaged Item,1578.02
10934,User_1270,South,2025-10-11,2025-10-17,Home,4,462.83,PayPal,,
10935,User_1787,East,2025-07-02,2025-07-09,Electronics,3,1166.43,credit card,,
10936,User_1012,north,2025-03-12,2025-03-15,Beauty,1,82.09,Credit Card,,
10937,User_1337,South,2026-03-08,2026-03-13,Electronics,2,778.25,credit card,,
10938,User_1858,South,2025-12-13,2025-12-15,Apparel,2,637.62,Crypto,,
10939,User_1390,North,2025-10-19,2025-10-24,Apparel,4,312.11,PayPal,,
10940,User_1369,North,2025-07-26,2025-07-29,Home,5,283.36,Credit Card,,
10941,User_1924,SOUTH,2026-01-10,2026-01-17,Apparel,5,887.13,credit card,Wrong Size,3992.08
10942,User_1600,north,2025-05-23,2025-05-24,Beauty,4,90.82,Crypto,,
10943,User_1475,SOUTH,2025-02-11,2025-02-17,Beauty,4,614.87,credit card,,
10944,User_1348,north,2025-09-29,2025-10-03,Beauty,4,71.58,credit card,,
10945,User_1941,north,2025-04-28,2025-05-03,Home,3,1179.69,credit card,,
10946,User_1307,West,2026-05-02,2026-05-03,Home,3,251.65,Crypto,,
10947,User_1921,  East  ,2025-03-16,2025-03-20,Apparel,5,412.18,credit card,,
10948,User_1928,West,2026-03-03,2026-03-07,Home,1,962.94,Crypto,Wrong Size,866.65
10949,User_1880,West,2026-04-30,2026-05-02,Beauty,5,356.24,PayPal,,
10950,User_1278,north,2025-07-21,2025-09-01,Electronics,2,31.4,Credit Card,,
10951,User_1529,north,2025-08-07,2025-08-14,Home,3,842.75,credit card,,
10952,User_1816,  East  ,2026-04-29,2026-05-06,Beauty,5,1013.37,Crypto,,
10953,User_1760,North,2025-04-17,2025-04-24,Beauty,4,-75.0,Credit Card,,
10954,User_1108,East,2025-09-26,2025-09-30,Electronics,1,340.34,Crypto,Fraud Chargeback,340.34
10955,User_1399,South,2025-09-20,2025-09-23,Beauty,5,408.31,credit card,,
10956,User_1157,West,2026-01-17,2026-01-21,Home,1,1003.67,credit card,,
10957,User_1840,East,2026-04-08,2026-04-14,Apparel,3,752.75,credit card,,
10958,User_1653,East,2025-06-30,2025-07-05,Apparel,1,48.97,Credit Card,,
10959,User_1430,East,2025-07-19,2025-07-22,Electronics,2,1118.16,Crypto,,
10960,User_1905,SOUTH,2026-01-25,2026-01-28,Apparel,4,887.8,PayPal,,
10961,User_1553,North,2026-03-04,2026-03-11,Home,4,1198.26,Credit Card,,
10962,User_1417,  East  ,2025-05-11,2025-05-14,Electronics,4,229.48,Crypto,Fraud Chargeback,917.92
10963,User_1648,East,2025-08-03,2025-08-10,Beauty,1,284.29,Crypto,,
10964,User_1633,SOUTH,2025-09-30,2025-10-05,Apparel,4,407.28,Credit Card,,
10965,User_1474,North,2026-04-29,2026-05-02,Apparel,2,633.23,PayPal,,
10966,User_1434,  East  ,2025-02-06,2025-02-10,Apparel,1,508.24,credit card,,
10967,User_1759,West,2025-02-03,2025-02-04,Beauty,3,1166.73,credit card,,
10968,User_1288,North,2026-02-24,2026-03-01,Apparel,2,700.32,Crypto,,
10969,User_1070,West,2026-03-09,2026-03-14,Beauty,4,555.03,PayPal,,
10970,User_1974,SOUTH,2026-03-19,2026-03-24,Electronics,3,220.83,Credit Card,,
10971,User_1413,north,2025-09-25,2025-10-01,Apparel,3,219.27,Crypto,,
10972,User_1942,north,2026-04-18,2026-05-12,Electronics,5,803.78,Credit Card,,
10973,User_1903,SOUTH,2026-01-17,2026-01-21,Beauty,1,469.83,Crypto,,
10974,User_1306,North,2025-01-01,2025-01-03,Home,4,944.28,Crypto,,
10975,User_1777,South,2025-07-11,2025-07-17,Beauty,1,619.89,PayPal,,
10976,User_1556,West,2025-03-06,2025-03-07,Home,2,1169.82,PayPal,,
10977,User_1795,north,2025-09-26,2025-10-22,Electronics,5,80.3,Crypto,,
10978,User_1137,  East  ,2025-04-01,2025-04-03,Apparel,3,306.02,Credit Card,,
10979,User_1912,north,2026-02-12,2026-02-15,Apparel,3,446.33,Crypto,,
10980,User_1892,north,2025-09-26,2025-09-28,Apparel,3,738.11,Credit Card,,
10981,User_1800,East,2025-03-04,2025-03-06,Home,2,781.45,credit card,,
10982,User_1340,North,2025-07-16,2025-08-07,Electronics,0,675.0,Crypto,,
10983,User_1125,South,2026-03-22,2026-03-26,Apparel,3,283.87,credit card,,
10984,User_1435,  East  ,2025-05-04,2025-05-09,Beauty,4,176.2,credit card,,
10985,User_1679,  East  ,2025-02-21,2025-02-25,Apparel,1,660.68,Credit Card,,
10986,User_1143,SOUTH,2026-02-13,2026-02-19,Beauty,3,617.04,credit card,,
10987,User_1922,North,2025-03-06,2025-03-12,Apparel,3,76.96,PayPal,,
10988,User_1082,East,2025-08-09,2025-08-10,Home,3,76.69,credit card,,
10989,User_1504,SOUTH,2025-09-06,2025-09-10,Beauty,4,847.61,credit card,,
10990,User_1730,  East  ,2026-01-02,2026-01-09,Beauty,3,194.54,Crypto,,
10991,User_1186,  East  ,2025-06-09,2025-06-15,Beauty,2,183.56,PayPal,,
10992,User_1148,north,2025-12-23,2025-12-29,Beauty,3,575.84,PayPal,,
10993,User_1481,North,2025-05-31,2025-06-28,Electronics,3,15.32,Credit Card,,
10994,User_1553,South,2025-04-28,2025-04-29,Electronics,3,138.2,Crypto,,
10995,User_1014,East,2025-09-15,2025-09-16,Electronics,3,1155.78,PayPal,,
10996,User_1660,East,2026-01-12,,Beauty,4,81.7,Crypto,Fraud Chargeback,326.8
10997,User_1339,  East  ,2025-10-06,2025-10-10,Apparel,1,1025.01,credit card,Damaged Item,922.51
10998,User_1393,South,2025-02-22,2025-02-23,Apparel,2,1035.69,Credit Card,,
10999,User_1974,South,2026-02-28,2026-03-06,Apparel,4,943.96,Credit Card,,
11000,User_1522,SOUTH,2025-02-14,2025-02-17,Beauty,1,1084.98,Crypto,,
11001,User_1170,East,2026-01-22,2026-01-24,Home,3,447.2,PayPal,,
11002,User_1674,SOUTH,2025-06-10,2025-06-17,Apparel,3,231.84,PayPal,,
11003,User_1271,South,2025-11-24,2025-11-29,Electronics,1,1080.79,PayPal,,
11004,User_1991,SOUTH,2026-01-27,2026-01-30,Apparel,3,68.04,credit card,,
11005,User_1668,north,2025-07-15,2025-08-20,Electronics,1,918.7,PayPal,,
11006,User_1925,  East  ,2025-07-02,2025-07-03,Electronics,3,1115.07,credit card,Damaged Item,3010.69
11007,User_1111,East,2026-03-27,2026-03-29,Electronics,2,1001.27,Crypto,Fraud Chargeback,2002.54
11008,User_1444,North,2025-12-23,2025-12-27,Beauty,2,224.33,PayPal,,
11009,User_1032,  East  ,2025-12-28,2026-01-02,Electronics,2,255.51,Crypto,,
11010,User_1847,  East  ,2025-06-19,2025-06-24,Home,4,1166.14,credit card,,
11011,User_1775,North,2025-09-04,2025-09-06,Apparel,5,1073.72,Crypto,,
11012,User_1927,South,2025-05-08,2025-05-15,Beauty,4,988.29,PayPal,,
11013,User_1987,SOUTH,2025-10-22,2025-10-29,Beauty,2,1065.74,credit card,,
11014,User_1945,East,2026-03-17,2026-03-24,Home,4,1050.34,credit card,,
11015,User_1646,SOUTH,2025-10-13,2025-10-18,Home,3,655.13,Crypto,,
11016,User_1650,North,2025-07-02,2025-07-09,Home,4,1012.48,credit card,,
11017,User_1722,East,2025-07-05,2025-07-10,Beauty,4,72.85,credit card,,
11018,User_1233,SOUTH,2025-01-21,2025-01-28,Electronics,5,1172.83,Credit Card,,
11019,User_1256,North,2025-06-27,2025-08-03,Electronics,3,514.4,PayPal,Wrong Size,1388.88
11020,User_1991,West,2025-06-02,2025-06-06,Home,2,180.74,PayPal,Wrong Size,325.33
11021,User_1678,SOUTH,2025-01-20,2025-01-27,Electronics,2,670.67,PayPal,,
11022,User_1646,South,2025-01-11,2025-01-12,Home,3,612.63,credit card,,
11023,User_1140,north,2025-06-21,2025-06-24,Beauty,1,597.1,Credit Card,,
11024,User_1804,  East  ,2025-02-05,2025-02-10,Electronics,4,796.91,PayPal,,
11025,User_1161,West,2025-04-12,2025-04-16,Beauty,5,441.94,Crypto,Fraud Chargeback,2209.7
11026,User_1067,  East  ,2026-02-02,2026-02-08,Home,2,1116.05,Credit Card,,
11027,User_1031,West,2025-06-01,2025-06-07,Electronics,5,210.4,credit card,,
11028,User_1387,West,2026-01-27,2026-02-02,Electronics,4,989.05,credit card,,
11029,User_1927,north,2025-02-10,2025-02-17,Apparel,3,995.97,credit card,,
11030,User_1350,West,2025-02-16,,Home,1,240.42,Crypto,Fraud Chargeback,240.42
11031,User_1321,North,2025-09-27,2025-09-29,Home,3,229.69,credit card,,
11032,User_1020,north,2025-08-18,2025-08-20,Apparel,2,439.3,Credit Card,,
11033,User_1021,north,2025-04-14,2025-04-21,Apparel,4,704.7,Crypto,,
11034,User_1945,East,2025-12-28,2026-01-04,Electronics,3,1037.3,PayPal,,
11035,User_1649,  East  ,2025-05-02,2025-05-05,Beauty,2,922.57,Credit Card,,
11036,User_1329,North,2025-08-22,2025-08-27,Home,2,292.23,Credit Card,,
11037,User_1573,West,2025-06-24,2025-06-26,Beauty,5,507.89,credit card,,
11038,User_1861,north,2025-11-15,2025-11-16,Beauty,5,656.47,PayPal,Wrong Size,2954.12
11039,User_1977,South,2025-03-04,2025-03-11,Beauty,1,1128.03,Crypto,Fraud Chargeback,1128.03
11040,User_1308,SOUTH,2025-07-26,2025-07-31,Beauty,5,990.5,Credit Card,,
11041,User_1031,  East  ,2025-10-14,2025-10-21,Beauty,2,821.04,PayPal,,
11042,User_1881,West,2025-12-23,2025-12-28,Apparel,1,929.47,PayPal,,
11043,User_1359,East,2026-04-01,2026-04-05,Apparel,4,221.12,credit card,,
11044,User_1891,  East  ,2025-11-22,2025-11-27,Beauty,5,1077.06,PayPal,,
11045,User_1235,  East  ,2025-01-26,2025-01-30,Electronics,5,1196.99,Credit Card,,
11046,User_1620,SOUTH,2025-08-02,2025-08-09,Electronics,1,129.95,Credit Card,,
11047,User_1149,North,2026-01-13,2026-01-15,Apparel,4,346.06,PayPal,,
11048,User_1340,North,2025-03-12,2025-03-18,Beauty,2,467.56,Crypto,Fraud Chargeback,935.12
11049,User_1839,South,2025-06-25,2025-06-27,Apparel,3,454.89,Crypto,,
11050,User_1528,SOUTH,2025-07-05,2025-07-07,Beauty,4,1015.56,Crypto,,
11051,User_1136,SOUTH,2026-05-07,2026-05-10,Apparel,5,1090.7,Credit Card,,
11052,User_1646,  East  ,2025-01-16,2025-01-21,Home,4,254.84,Credit Card,,
11053,User_1913,East,2025-07-11,2025-07-16,Home,1,833.46,Crypto,Fraud Chargeback,833.46
11054,User_1222,  East  ,2026-04-16,2026-04-19,Home,2,627.0,PayPal,,
11055,User_1393,South,2025-04-07,2025-04-10,Home,5,897.63,PayPal,,
11056,User_1198,East,2025-11-12,2025-11-17,Beauty,3,150.57,credit card,,
11057,User_1956,north,2025-05-06,2025-05-09,Home,4,-75.0,Crypto,,
11058,User_1414,West,2025-12-29,2026-01-05,Home,3,1055.25,credit card,,
11059,User_1691,South,2025-01-30,2025-02-04,Beauty,2,557.78,PayPal,Damaged Item,1004.0
11060,User_1669,SOUTH,2025-05-29,2025-05-31,Beauty,5,893.46,Credit Card,,
11061,User_1468,North,2025-06-30,2025-07-03,Apparel,2,561.75,credit card,,
11062,User_1443,SOUTH,2025-01-09,2025-01-13,Home,5,412.72,PayPal,,
11063,User_1269,East,2026-01-30,2026-02-01,Apparel,4,928.87,Credit Card,,
11064,User_1141,West,2025-01-28,2025-02-03,Electronics,3,260.64,Crypto,,
11065,User_1097,West,2025-04-04,2025-04-08,Apparel,5,219.97,PayPal,,
11066,User_1558,North,2025-09-20,2025-09-22,Beauty,2,361.1,Credit Card,,
11067,User_1846,South,2026-03-28,2026-03-31,Beauty,2,1017.93,PayPal,,
11068,User_1277,North,2025-02-16,2025-03-20,Electronics,1,830.89,Credit Card,,
11069,User_1412,South,2025-08-02,2025-08-07,Apparel,5,233.78,credit card,,
11070,User_1565,SOUTH,2026-02-03,2026-02-08,Beauty,4,1192.16,PayPal,,
11071,User_1551,West,2025-07-16,2025-07-20,Beauty,3,1006.36,Crypto,,
11072,User_1990,North,2026-02-08,2026-02-13,Home,1,1020.87,PayPal,,
11073,User_1104,North,2025-07-22,2025-07-26,Home,5,512.44,PayPal,,
11074,User_1732,East,2025-05-02,2025-05-07,Home,5,1080.74,PayPal,,
11075,User_1290,East,2025-02-14,2025-02-15,Home,4,128.36,PayPal,,
11076,User_1720,north,2025-08-17,2025-09-05,Electronics,4,200.43,Credit Card,Wrong Size,721.55
11077,User_1586,West,2025-11-10,2025-11-17,Electronics,1,875.47,PayPal,,
11078,User_1836,West,2025-02-13,2025-02-14,Home,4,1158.21,PayPal,,
11079,User_1059,  East  ,2026-01-23,2026-01-24,Beauty,5,1077.32,PayPal,,
11080,User_1353,East,2025-08-05,2025-08-06,Apparel,2,1162.69,credit card,,
11081,User_1284,West,2026-03-21,2026-03-27,Home,2,432.35,Credit Card,,
11082,User_1617,North,2025-02-08,2025-02-10,Apparel,5,29.17,Credit Card,,
11083,User_1689,north,2025-02-28,2025-03-04,Beauty,1,1162.4,Credit Card,,
11084,User_1375,South,2026-04-19,2026-04-22,Home,3,173.88,credit card,,
11085,User_1813,South,2026-03-07,2026-03-09,Home,5,367.84,credit card,,
11086,User_1622,North,2025-10-30,2025-11-29,Electronics,4,801.11,Crypto,,
11087,User_1759,north,2025-04-13,,Beauty,5,45.2,credit card,,
11088,User_1407,north,2025-05-29,2025-06-04,Home,3,737.03,PayPal,,
11089,User_1194,North,2025-07-06,2025-07-09,Home,5,993.27,Crypto,,
11090,User_1812,South,2026-04-20,2026-04-26,Electronics,1,1057.03,Crypto,,
11091,User_1183,South,2025-05-21,2025-05-23,Home,3,1032.24,PayPal,,
11092,User_1321,East,2025-03-09,2025-03-14,Electronics,2,402.15,PayPal,,
11093,User_1859,SOUTH,2025-07-19,2025-07-23,Electronics,2,686.5,Credit Card,,
11094,User_1603,West,2026-05-06,2026-05-09,Beauty,4,139.82,Crypto,,
11095,User_1827,West,2025-06-06,2025-06-08,Beauty,3,389.94,credit card,,
11096,User_1942,SOUTH,2026-02-17,2026-02-18,Beauty,1,1061.29,Crypto,,
11097,User_1010,SOUTH,2025-04-13,2025-04-19,Home,4,484.25,Credit Card,,
11098,User_1485,South,2025-05-05,2025-05-10,Home,5,748.22,credit card,,
11099,User_1096,North,2026-02-02,2026-02-04,Apparel,2,687.8,PayPal,,
11100,User_1238,South,2025-11-11,2025-11-17,Apparel,1,519.23,Crypto,,
11101,User_1418,East,2025-04-30,2025-05-06,Beauty,1,410.46,Credit Card,,
11102,User_1851,  East  ,2025-07-09,2025-07-16,Electronics,2,1011.24,PayPal,Damaged Item,1820.23
11103,User_1344,North,2026-03-28,2026-03-31,Beauty,1,158.01,Credit Card,,
11104,User_1568,East,2025-03-23,2025-03-30,Electronics,5,779.28,PayPal,,
11105,User_1517,South,2025-01-29,2025-02-05,Apparel,4,1059.91,Credit Card,,
11106,User_1819,  East  ,2025-11-03,2025-11-07,Home,4,999.64,credit card,,
11107,User_1186,  East  ,2025-02-25,2025-03-03,Electronics,3,857.83,Crypto,Fraud Chargeback,2573.49
11108,User_1266,South,2025-09-24,2025-09-29,Apparel,3,813.15,Credit Card,,
11109,User_1209,  East  ,2025-01-02,2025-01-07,Electronics,5,100.22,credit card,,
11110,User_1055,East,2025-04-01,2025-04-07,Home,1,1196.29,credit card,Wrong Size,1076.66
11111,User_1221,  East  ,2025-08-24,2025-08-30,Apparel,3,489.92,Crypto,,
11112,User_1577,North,2025-08-15,2025-08-20,Apparel,5,861.36,PayPal,,
11113,User_1017,West,2026-05-07,2026-05-12,Home,1,165.64,Credit Card,,
11114,User_1605,  East  ,2025-08-04,2025-08-09,Home,4,1138.5,Crypto,Fraud Chargeback,4554.0
11115,User_1719,north,2025-04-28,2025-05-02,Home,5,840.27,credit card,,
11116,User_1263,North,2025-09-19,2025-10-14,Electronics,1,123.8,Credit Card,,
11117,User_1283,SOUTH,2025-12-08,2025-12-13,Beauty,5,1089.87,credit card,Wrong Size,4904.41
11118,User_1788,  East  ,2025-12-09,2025-12-13,Home,3,176.6,PayPal,,
11119,User_1009,  East  ,2026-04-25,2026-04-28,Beauty,3,121.85,Credit Card,,
11120,User_1578,  East  ,2025-09-10,2025-09-17,Apparel,5,190.38,credit card,,
11121,User_1732,South,2026-03-06,2026-03-09,Apparel,2,591.42,Credit Card,,
11122,User_1386,north,2025-03-21,2025-03-22,Apparel,5,445.93,Credit Card,,
11123,User_1893,north,2025-05-22,2025-06-14,Electronics,1,25.52,PayPal,,
11124,User_1252,West,2025-04-12,2025-04-19,Beauty,3,805.87,Crypto,,
11125,User_1194,SOUTH,2025-02-03,2025-02-04,Home,4,1118.44,PayPal,,
11126,User_1562,  East  ,2025-12-26,2025-12-31,Home,1,254.85,Crypto,Fraud Chargeback,254.85
11127,User_1816,SOUTH,2025-12-28,2026-01-03,Apparel,3,1128.81,Crypto,Fraud Chargeback,3386.43
11128,User_1536,East,2025-12-21,2025-12-28,Home,4,474.46,Credit Card,,
11129,User_1699,SOUTH,2025-01-04,2025-01-05,Home,5,372.04,Crypto,,
11130,User_1163,SOUTH,2026-01-06,2026-01-09,Home,5,619.21,Credit Card,,
11131,User_1777,West,2025-09-30,2025-10-07,Electronics,5,794.9,Credit Card,,
11132,User_1527,north,2025-02-20,,Home,1,403.86,credit card,,
11133,User_1938,  East  ,2025-02-11,2025-02-16,Electronics,2,354.56,Credit Card,,
11134,User_1800,West,2025-03-15,2025-03-20,Electronics,5,1105.03,credit card,,
11135,User_1444,  East  ,2026-03-25,2026-03-26,Apparel,1,523.19,PayPal,,
11136,User_1342,  East  ,2025-08-29,2025-09-02,Home,2,525.05,credit card,Damaged Item,945.09
11137,User_1611,North,2025-10-28,2025-11-29,Electronics,2,759.73,Crypto,Fraud Chargeback,1519.46
11138,User_1754,north,2025-10-27,2025-10-30,Beauty,2,319.75,Credit Card,,
11139,User_1645,South,2025-10-10,2025-10-15,Beauty,4,699.66,Credit Card,,
11140,User_1815,SOUTH,2025-04-04,2025-04-07,Apparel,5,1118.86,Credit Card,,
11141,User_1834,north,2025-05-14,2025-05-18,Beauty,3,1170.02,Credit Card,,
11142,User_1721,north,2025-06-26,2025-07-02,Beauty,1,1069.39,credit card,,
11143,User_1460,SOUTH,2025-01-05,2025-01-10,Electronics,3,441.91,PayPal,,
11144,User_1734,North,2026-01-03,2026-01-06,Home,3,530.48,PayPal,,
11145,User_1276,north,2025-06-07,2025-06-10,Beauty,4,1021.64,PayPal,,
11146,User_1934,north,2025-04-30,2025-05-06,Beauty,3,272.14,PayPal,,
11147,User_1021,South,2025-05-28,2025-06-02,Apparel,3,895.5,PayPal,,
11148,User_1245,  East  ,2025-11-08,2025-11-15,Home,5,576.04,PayPal,,
11149,User_1895,South,2026-01-26,2026-02-01,Apparel,5,650.15,credit card,,
11150,User_1261,SOUTH,2025-04-07,2025-04-09,Beauty,1,423.24,Crypto,Fraud Chargeback,423.24
11151,User_1448,north,2025-03-22,2025-03-28,Beauty,5,79.79,Credit Card,,
11152,User_1828,  East  ,2025-05-02,2025-05-06,Beauty,1,41.24,Credit Card,,
11153,User_1408,  East  ,2026-02-21,2026-02-22,Beauty,4,1188.04,PayPal,,
11154,User_1847,West,2026-04-01,2026-04-07,Electronics,1,550.4,Credit Card,,
11155,User_1424,SOUTH,2025-02-21,2025-02-23,Home,1,307.84,Credit Card,,
11156,User_1712,SOUTH,2025-02-12,2025-02-16,Beauty,2,619.67,credit card,,
11157,User_1490,East,2025-07-05,2025-07-07,Beauty,5,958.12,Credit Card,,
11158,User_1386,North,2025-10-22,,Apparel,1,88.01,Crypto,,
11159,User_1270,West,2025-06-16,2025-06-19,Home,1,718.24,Crypto,Fraud Chargeback,718.24
11160,User_1047,West,2025-06-27,2025-07-02,Apparel,4,918.55,Crypto,,
11161,User_1969,East,2026-03-21,2026-03-27,Beauty,1,447.9,Crypto,,
11162,User_1090,East,2026-05-14,2026-05-17,Electronics,2,1085.88,Crypto,,
11163,User_1634,SOUTH,2025-01-17,2025-01-23,Beauty,3,740.44,credit card,,
11164,User_1736,West,2025-01-02,2025-01-09,Beauty,5,-75.0,PayPal,,
11165,User_1976,SOUTH,2025-05-10,2025-05-11,Home,4,488.9,PayPal,,
11166,User_1412,  East  ,2025-02-15,2025-02-19,Beauty,5,255.05,PayPal,,
11167,User_1211,north,2025-12-22,2025-12-28,Home,5,114.53,credit card,,
11168,User_1411,SOUTH,2026-02-11,2026-02-12,Beauty,1,1148.13,credit card,,
11169,User_1227,East,2026-01-27,2026-02-02,Electronics,5,673.5,Credit Card,,
11170,User_1265,South,2025-08-04,2025-08-11,Beauty,3,143.94,Credit Card,,
11171,User_1580,North,2025-10-07,2025-10-11,Apparel,5,109.02,PayPal,Wrong Size,490.59
11172,User_1060,North,2025-06-08,2025-06-12,Beauty,2,58.1,PayPal,,
11173,User_1195,South,2025-01-30,2025-02-01,Home,2,884.3,PayPal,,
11174,User_1853,South,2025-10-12,2025-10-19,Electronics,2,747.91,credit card,,
11175,User_1060,  East  ,2025-05-12,2025-05-16,Electronics,4,1120.36,credit card,,
11176,User_1335,  East  ,2025-12-28,2026-01-01,Home,4,1140.88,Crypto,Fraud Chargeback,4563.52
11177,User_1429,West,2025-12-05,2025-12-06,Electronics,1,339.34,Credit Card,,
11178,User_1930,  East  ,2025-08-14,2025-08-20,Apparel,5,833.1,Crypto,,
11179,User_1644,  East  ,2026-05-02,2026-05-08,Home,5,109.56,Crypto,,
11180,User_1383,West,2025-01-01,2025-01-07,Apparel,3,440.85,Crypto,Fraud Chargeback,1322.55
11181,User_1425,north,2025-02-26,2025-02-28,Home,1,500.42,credit card,,
11182,User_1233,West,2026-05-14,2026-05-18,Beauty,2,1010.5,credit card,,
11183,User_1776,North,2025-06-12,2025-06-15,Home,5,428.55,credit card,,
11184,User_1143,East,2025-01-05,2025-01-10,Beauty,4,47.28,Crypto,Fraud Chargeback,189.12
11185,User_1367,north,2025-03-24,2025-03-25,Beauty,5,378.04,Crypto,Fraud Chargeback,1890.2
11186,User_1153,East,2025-01-09,2025-01-15,Apparel,2,383.77,credit card,,
11187,User_1504,West,2025-07-09,,Apparel,4,623.57,Credit Card,,
11188,User_1029,north,2025-06-19,2025-07-09,Electronics,5,73.58,credit card,,
11189,User_1130,North,2025-03-07,2025-03-14,Home,1,383.34,credit card,,
11190,User_1713,SOUTH,2026-04-28,2026-05-01,Home,1,1065.31,Credit Card,,
11191,User_1569,West,2025-09-28,2025-10-04,Electronics,4,675.25,PayPal,,
11192,User_1954,  East  ,2025-07-11,2025-07-12,Beauty,4,886.16,PayPal,,
11193,User_1095,north,2026-04-12,2026-04-16,Apparel,1,213.4,PayPal,,
11194,User_1318,SOUTH,2025-10-17,2025-10-22,Apparel,5,815.5,credit card,,
11195,User_1194,  East  ,2025-06-14,2025-06-19,Home,5,147.65,credit card,,
11196,User_1568,  East  ,2026-05-04,2026-05-08,Home,1,859.98,Crypto,,
11197,User_1853,South,2026-01-23,2026-01-27,Electronics,1,877.84,PayPal,,
11198,User_1016,SOUTH,2025-05-11,2025-05-16,Beauty,4,773.37,PayPal,,
11199,User_1043,north,2025-11-02,2025-12-12,Electronics,4,598.03,PayPal,,
11200,User_1247,  East  ,2025-12-08,2025-12-13,Beauty,4,769.75,Credit Card,,
11201,User_1836,  East  ,2025-04-24,2025-04-30,Beauty,5,188.98,Crypto,,
11202,User_1010,West,2025-10-28,2025-11-02,Electronics,5,234.5,Crypto,Fraud Chargeback,1172.5
11203,User_1168,North,2025-08-09,2025-08-12,Home,2,844.43,Crypto,,
11204,User_1146,West,2025-04-13,2025-04-16,Home,5,253.36,credit card,,
11205,User_1135,South,2025-05-15,2025-05-18,Home,4,1036.31,credit card,,
11206,User_1222,SOUTH,2025-07-24,2025-07-26,Beauty,1,381.56,Credit Card,,
11207,User_1345,South,2025-01-16,2025-01-20,Apparel,2,1151.92,PayPal,,
11208,User_1868,South,2025-03-20,2025-03-23,Electronics,1,480.48,credit card,,
11209,User_1088,North,2026-02-06,2026-03-07,Electronics,2,340.32,credit card,Wrong Size,612.58
11210,User_1047,South,2025-10-08,2025-10-13,Home,3,277.39,Crypto,Fraud Chargeback,832.17
11211,User_1033,South,2025-05-23,2025-05-29,Beauty,1,282.94,PayPal,,
11212,User_1580,East,2025-12-01,2025-12-06,Electronics,1,951.89,Credit Card,,
11213,User_1500,north,2025-04-22,2025-04-28,Home,5,763.18,Credit Card,,
11214,User_1360,West,2025-06-26,2025-06-27,Electronics,4,365.29,PayPal,,
11215,User_1077,North,2025-12-10,2025-12-15,Beauty,1,1090.7,Credit Card,,
11216,User_1046,North,2025-04-23,2025-04-24,Home,4,198.74,Crypto,Fraud Chargeback,794.96
11217,User_1176,East,2025-12-17,2025-12-18,Home,4,428.38,Credit Card,,
11218,User_1208,north,2025-01-01,2025-01-23,Electronics,2,861.94,credit card,,
11219,User_1475,North,2025-04-24,2025-04-29,Home,2,492.39,PayPal,,
11220,User_1969,South,2025-09-03,2025-09-10,Apparel,5,1059.09,credit card,,
11221,User_1441,West,2025-08-03,2025-08-06,Electronics,4,1001.71,credit card,,
11222,User_1125,East,2025-08-18,2025-08-22,Apparel,3,765.72,Crypto,,
11223,User_1554,  East  ,2025-08-09,2025-08-10,Electronics,1,308.63,credit card,,
11224,User_1903,SOUTH,2025-02-25,2025-02-28,Beauty,4,947.22,PayPal,,
11225,User_1016,South,2025-04-06,2025-04-11,Beauty,2,368.3,Credit Card,,
11226,User_1766,north,2025-02-02,2025-02-05,Home,4,916.96,PayPal,,
11227,User_1454,north,2025-04-27,2025-05-02,Beauty,4,299.95,PayPal,,
11228,User_1961,North,2025-11-30,2026-01-07,Electronics,1,311.37,PayPal,,
11229,User_1086,  East  ,2025-07-30,2025-08-05,Home,5,281.1,Credit Card,,
11230,User_1081,SOUTH,2025-11-20,2025-11-25,Beauty,5,83.36,Credit Card,,
11231,User_1239,North,2025-03-23,2025-03-24,Home,4,722.49,Crypto,Fraud Chargeback,2889.96
11232,User_1982,North,2025-01-14,2025-01-15,Beauty,2,519.51,PayPal,,
11233,User_1095,north,2025-10-26,2025-10-28,Home,5,765.84,Credit Card,,
11234,User_1055,East,2025-06-13,2025-06-15,Beauty,4,474.51,PayPal,,
11235,User_1806,West,2025-06-11,2025-06-13,Beauty,2,1076.77,Crypto,,
11236,User_1263,north,2025-05-10,2025-05-17,Beauty,2,1176.79,PayPal,,
11237,User_1899,North,2025-05-21,2025-05-26,Home,4,622.92,PayPal,,
11238,User_1486,  East  ,2025-05-24,,Electronics,3,287.09,Credit Card,Wrong Size,775.14
11239,User_1337,  East  ,2025-03-31,2025-04-06,Electronics,4,1189.64,Credit Card,,
11240,User_1081,North,2026-01-15,2026-01-16,Apparel,1,657.03,credit card,,
11241,User_1711,South,2025-08-26,2025-08-28,Electronics,3,394.31,credit card,,
11242,User_1772,north,2026-05-05,2026-05-08,Beauty,5,1039.96,PayPal,,
11243,User_1087,north,2025-12-12,2026-01-03,Electronics,4,473.78,credit card,,
11244,User_1625,north,2025-03-18,2025-03-20,Home,1,924.43,Credit Card,,
11245,User_1537,West,2025-09-09,2025-09-14,Electronics,1,63.58,Credit Card,,
11246,User_1730,SOUTH,2025-10-15,2025-10-19,Electronics,1,416.81,Crypto,,
11247,User_1466,East,2025-01-26,2025-02-02,Apparel,3,650.23,PayPal,,
11248,User_1170,East,2025-03-25,2025-03-31,Electronics,4,1070.13,Crypto,,
11249,User_1404,North,2025-08-17,2025-08-20,Apparel,1,802.9,Credit Card,,
11250,User_1879,East,2025-10-08,2025-10-12,Apparel,5,198.51,credit card,Damaged Item,893.29
11251,User_1689,North,2026-04-03,2026-04-08,Home,2,1148.43,Crypto,,
11252,User_1656,East,2026-02-23,2026-02-26,Home,2,482.96,Credit Card,,
11253,User_1989,  East  ,2026-05-02,2026-05-05,Apparel,1,296.54,PayPal,,
11254,User_1834,East,2025-10-18,2025-10-25,Electronics,1,1181.78,credit card,,
11255,User_1680,north,2025-12-14,2026-01-16,Electronics,1,280.08,Credit Card,,
11256,User_1720,West,2025-08-05,2025-08-11,Beauty,5,156.93,Crypto,Fraud Chargeback,784.65
11257,User_1847,  East  ,2026-04-26,2026-05-02,Apparel,3,395.29,credit card,,
11258,User_1209,West,2025-10-24,2025-10-27,Beauty,4,642.67,PayPal,,
11259,User_1017,South,2026-02-14,2026-02-17,Apparel,5,916.04,Credit Card,,
11260,User_1806,  East  ,2025-11-29,2025-12-02,Beauty,3,123.31,Crypto,,
11261,User_1156,West,2026-02-16,2026-02-21,Home,1,325.21,Credit Card,,
11262,User_1741,East,2025-11-14,2025-11-18,Electronics,2,235.83,Credit Card,,
11263,User_1977,South,2026-01-23,2026-01-25,Beauty,5,1168.15,Credit Card,,
11264,User_1606,north,2025-02-25,2025-03-04,Home,4,472.03,Crypto,Fraud Chargeback,1888.12
11265,User_1996,north,2025-10-19,2025-11-27,Electronics,2,792.69,credit card,,
11266,User_1759,North,2025-05-14,2025-06-17,Electronics,3,384.49,credit card,,
11267,User_1294,South,2025-03-26,2025-03-28,Apparel,4,644.05,credit card,,
11268,User_1384,  East  ,2025-10-27,2025-10-31,Apparel,1,215.74,Crypto,,
11269,User_1607,SOUTH,2025-11-01,2025-11-05,Electronics,4,195.9,PayPal,,
11270,User_1506,South,2025-05-14,2025-05-15,Beauty,1,1006.77,Credit Card,,
11271,User_1981,West,2026-03-17,2026-03-18,Electronics,3,162.45,PayPal,,
11272,User_1139,  East  ,2025-10-12,2025-10-19,Beauty,1,358.78,Crypto,,
11273,User_1069,north,2025-08-05,2025-08-10,Beauty,4,972.65,Crypto,Fraud Chargeback,3890.6
11274,User_1974,West,2026-02-25,2026-02-26,Beauty,4,200.93,credit card,,
11275,User_1025,north,2025-02-05,2025-02-11,Apparel,4,774.34,PayPal,,
11276,User_1811,East,2025-11-07,2025-11-14,Electronics,2,493.39,Credit Card,Damaged Item,888.1
11277,User_1240,East,2025-11-17,2025-11-20,Electronics,4,868.42,Credit Card,Wrong Size,3126.31
11278,User_1327,South,2025-11-17,2025-11-21,Apparel,2,635.82,Credit Card,,
11279,User_1422,South,2026-03-20,2026-03-25,Home,5,238.35,PayPal,,
11280,User_1695,South,2025-04-09,2025-04-12,Apparel,2,355.7,Credit Card,,
11281,User_1490,East,2025-05-17,2025-05-22,Home,4,1132.26,PayPal,,
11282,User_1158,North,2025-01-08,2025-01-11,Beauty,5,880.72,PayPal,,
11283,User_1157,  East  ,2025-05-04,2025-05-11,Apparel,1,1172.43,Credit Card,,
11284,User_1640,East,2025-09-08,2025-09-12,Home,2,792.24,Credit Card,,
11285,User_1768,north,2025-10-14,2025-10-15,Apparel,3,557.38,Crypto,Fraud Chargeback,1672.14
11286,User_1661,West,2026-04-08,2026-04-12,Beauty,4,1118.46,Credit Card,,
11287,User_1522,East,2025-05-09,2025-05-10,Beauty,4,100.01,credit card,,
11288,User_1457,South,2026-01-28,2026-02-02,Apparel,4,1123.28,PayPal,,
11289,User_1822,north,2025-07-27,2025-08-02,Apparel,3,879.05,credit card,Wrong Size,2373.43
11290,User_1378,north,2025-06-19,2025-06-21,Apparel,3,645.64,Credit Card,,
11291,User_1742,North,2025-05-23,2025-05-25,Apparel,1,421.2,credit card,,
11292,User_1391,SOUTH,2025-08-04,2025-08-07,Beauty,1,287.56,PayPal,,
11293,User_1747,SOUTH,2025-02-13,2025-02-15,Apparel,5,447.35,Credit Card,,
11294,User_1140,North,2025-11-01,2025-11-03,Home,4,590.51,credit card,,
11295,User_1657,South,2025-04-17,2025-04-20,Apparel,4,163.74,PayPal,,
11296,User_1858,South,2025-12-16,2025-12-17,Electronics,2,412.0,Credit Card,,
11297,User_1007,SOUTH,2026-02-05,2026-02-08,Apparel,3,380.36,Crypto,,
11298,User_1297,East,2025-08-17,2025-08-24,Beauty,5,743.99,credit card,,
11299,User_1528,SOUTH,2025-12-20,2025-12-21,Electronics,2,357.98,Crypto,,
11300,User_1647,South,2026-02-10,2026-02-11,Beauty,5,700.77,credit card,,
11301,User_1743,North,2025-08-15,2025-09-17,Electronics,5,383.2,Crypto,,
11302,User_1291,South,2025-02-16,2025-02-23,Beauty,2,613.42,PayPal,,
11303,User_1653,north,2025-03-14,2025-03-21,Apparel,1,894.51,Crypto,Fraud Chargeback,894.51
11304,User_1550,North,2025-06-03,2025-06-10,Home,5,90.59,Credit Card,,
11305,User_1104,North,2025-05-28,2025-06-26,Electronics,1,1198.08,credit card,,
11306,User_1760,SOUTH,2025-05-23,2025-05-26,Apparel,5,153.06,Crypto,Fraud Chargeback,765.3
11307,User_1473,North,2026-04-18,2026-04-21,Apparel,3,134.36,Credit Card,,
11308,User_1441,North,2025-10-25,2025-10-27,Apparel,2,880.8,Crypto,Fraud Chargeback,1761.6
11309,User_1015,  East  ,2025-11-05,2025-11-11,Electronics,1,765.48,Credit Card,,
11310,User_1770,  East  ,2025-03-22,2025-03-23,Apparel,2,1159.4,Crypto,,
11311,User_1551,SOUTH,2025-12-28,2026-01-01,Electronics,5,486.6,PayPal,,
11312,User_1117,South,2026-02-19,2026-02-20,Home,4,265.87,Credit Card,,
11313,User_1464,South,2025-11-27,2025-12-02,Apparel,5,201.55,credit card,,
11314,User_1943,SOUTH,2025-04-05,2025-04-11,Apparel,1,503.07,Crypto,,
11315,User_1217,SOUTH,2025-04-04,2025-04-06,Home,3,181.97,Crypto,,
11316,User_1608,East,2025-11-27,2025-12-01,Electronics,3,249.1,credit card,,
11317,User_1461,north,2025-11-24,2026-01-02,Electronics,2,477.49,Credit Card,,
11318,User_1729,  East  ,2026-04-04,2026-04-05,Beauty,2,679.55,Credit Card,,
11319,User_1943,  East  ,2025-12-02,2025-12-09,Beauty,3,1084.1,PayPal,,
11320,User_1808,West,2026-05-07,2026-05-09,Beauty,2,235.42,PayPal,,
11321,User_1518,North,2025-08-17,2025-08-18,Beauty,5,863.54,credit card,,
11322,User_1756,South,2025-10-05,2025-10-11,Electronics,2,331.29,PayPal,,
11323,User_1335,South,2026-01-20,2026-01-27,Electronics,2,516.64,credit card,,
11324,User_1112,North,2025-04-28,2025-06-03,Electronics,5,665.33,PayPal,,
11325,User_1012,West,2025-09-03,2025-09-09,Apparel,3,1147.19,Credit Card,,
11326,User_1060,  East  ,2025-07-24,2025-07-28,Home,5,776.8,PayPal,Damaged Item,3495.6
11327,User_1379,North,2025-04-15,2025-05-11,Electronics,2,93.24,credit card,,
11328,User_1126,North,2025-01-15,2025-02-08,Electronics,1,299.01,Credit Card,Wrong Size,269.11
11329,User_1412,  East  ,2026-02-14,2026-02-17,Apparel,5,1087.18,Credit Card,,
11330,User_1170,North,2025-03-01,2025-03-06,Beauty,4,987.34,Credit Card,,
11331,User_1662,North,2025-07-02,2025-08-09,Electronics,2,23.98,Crypto,Fraud Chargeback,47.96
11332,User_1391,South,2025-06-10,2025-06-11,Beauty,4,384.43,Credit Card,,
11333,User_1267,SOUTH,2025-04-25,2025-04-28,Beauty,1,362.71,PayPal,,
11334,User_1764,North,2025-10-14,2025-10-16,Beauty,3,713.79,Credit Card,,
11335,User_1601,North,2025-08-18,2025-08-25,Beauty,1,439.81,Credit Card,,
11336,User_1398,north,2025-03-20,2025-04-14,Electronics,1,88.22,PayPal,,
11337,User_1558,north,2025-04-10,2025-05-14,Electronics,2,1181.1,credit card,,
11338,User_1865,north,2025-04-10,2025-04-17,Beauty,2,856.9,PayPal,,
11339,User_1034,West,2025-11-18,2025-11-24,Beauty,3,280.26,Crypto,,
11340,User_1729,north,2025-04-25,2025-04-28,Home,2,811.33,Credit Card,,
11341,User_1838,North,2026-04-14,2026-04-16,Beauty,4,252.17,Crypto,Fraud Chargeback,1008.68
11342,User_1925,  East  ,2025-10-01,2025-10-04,Electronics,3,1124.52,PayPal,,
11343,User_1168,SOUTH,2025-05-01,2025-05-03,Beauty,1,885.84,Credit Card,,
11344,User_1069,  East  ,2026-03-07,2026-03-08,Apparel,1,908.08,Credit Card,,
11345,User_1675,West,2026-02-04,2026-02-05,Electronics,1,255.42,Credit Card,,
11346,User_1932,East,2025-07-04,2025-07-10,Beauty,3,316.06,PayPal,,
11347,User_1398,SOUTH,2025-11-21,2025-11-22,Electronics,2,160.36,Credit Card,,
11348,User_1031,North,2025-06-20,2025-06-27,Apparel,1,1175.67,credit card,,
11349,User_1128,  East  ,2025-06-05,2025-06-09,Electronics,3,432.65,Crypto,,
11350,User_1488,SOUTH,2025-06-24,2025-06-27,Electronics,1,328.8,Credit Card,,
11351,User_1682,East,2025-04-18,2025-04-19,Apparel,3,564.18,credit card,,
11352,User_1247,SOUTH,2025-04-15,2025-04-16,Beauty,2,681.95,credit card,,
11353,User_1772,north,2025-11-27,2025-11-28,Apparel,5,926.71,credit card,,
11354,User_1787,north,2026-01-22,2026-01-28,Home,2,66.13,PayPal,,
11355,User_1923,SOUTH,2026-04-20,2026-04-26,Home,3,523.25,Crypto,Fraud Chargeback,1569.75
11356,User_1354,north,2025-12-07,,Apparel,4,810.04,PayPal,,
11357,User_1553,West,2025-02-05,2025-02-10,Beauty,4,971.04,Credit Card,,
11358,User_1884,South,2026-01-10,2026-01-12,Electronics,5,429.01,Credit Card,,
11359,User_1859,West,2025-10-06,2025-10-12,Home,4,234.31,credit card,,
11360,User_1985,  East  ,2025-09-25,2025-09-26,Electronics,1,706.77,Credit Card,,
11361,User_1282,North,2025-11-05,2025-11-07,Apparel,4,1115.16,Credit Card,,
11362,User_1990,East,2025-09-15,2025-09-19,Apparel,2,781.73,Credit Card,,
11363,User_1759,West,2026-03-11,2026-03-12,Beauty,5,1079.3,PayPal,,
11364,User_1627,North,2025-06-06,2025-06-12,Apparel,1,737.69,credit card,,
11365,User_1408,SOUTH,2025-03-22,2025-03-28,Beauty,2,629.23,credit card,,
11366,User_1512,West,2025-01-18,,Electronics,2,497.2,PayPal,,
11367,User_1296,  East  ,2025-03-28,2025-04-01,Apparel,3,662.74,Crypto,,
11368,User_1568,  East  ,2025-06-08,2025-06-11,Beauty,4,258.71,Crypto,Fraud Chargeback,1034.84
11369,User_1215,South,2025-12-30,2026-01-02,Apparel,2,474.27,PayPal,,
11370,User_1247,North,2025-11-16,2025-12-17,Electronics,2,818.4,credit card,,
11371,User_1928,  East  ,2025-05-20,2025-05-23,Beauty,4,791.91,PayPal,,
11372,User_1085,  East  ,2026-02-05,2026-02-10,Home,3,109.31,Crypto,,
11373,User_1857,  East  ,2025-04-14,2025-04-20,Beauty,2,174.32,Credit Card,,
11374,User_1137,SOUTH,2025-01-27,2025-02-02,Apparel,3,369.67,Crypto,,
11375,User_1412,north,2025-07-14,2025-07-17,Apparel,2,288.86,PayPal,Damaged Item,519.95
11376,User_1078,North,2025-09-21,2025-09-22,Home,4,477.43,Credit Card,,
11377,User_1964,  East  ,2025-04-11,2025-04-15,Beauty,5,1179.82,Crypto,,
11378,User_1874,SOUTH,2025-09-04,2025-09-08,Apparel,5,33.08,Crypto,Damaged Item,148.86
11379,User_1634,North,2026-05-08,2026-06-05,Electronics,1,1122.83,Credit Card,,
11380,User_1601,  East  ,2025-06-01,2025-06-07,Beauty,3,441.49,Credit Card,,
11381,User_1591,North,2026-04-17,2026-04-23,Beauty,2,-75.0,PayPal,,
11382,User_1758,West,2025-05-01,2025-05-07,Beauty,1,479.4,PayPal,,
11383,User_1051,East,2025-06-20,2025-06-23,Apparel,3,411.12,Credit Card,,
11384,User_1739,north,2025-09-12,2025-09-17,Beauty,3,132.9,Crypto,Wrong Size,358.83
11385,User_1133,SOUTH,2026-04-27,2026-04-30,Apparel,3,272.79,Credit Card,,
11386,User_1602,North,2026-04-17,2026-05-15,Electronics,2,240.33,credit card,Wrong Size,432.59
11387,User_1013,  East  ,2025-07-12,2025-07-19,Apparel,4,975.54,Crypto,,
11388,User_1124,SOUTH,2025-03-21,2025-03-28,Beauty,3,233.09,Crypto,,
11389,User_1398,  East  ,2026-02-05,2026-02-12,Apparel,3,1137.15,Credit Card,,
11390,User_1944,North,2025-09-02,2025-09-24,Electronics,3,238.35,Crypto,,
11391,User_1260,East,2025-05-03,2025-05-08,Beauty,3,173.0,PayPal,,
11392,User_1996,north,2025-01-22,2025-02-13,Electronics,2,681.47,PayPal,,
11393,User_1032,north,2025-02-17,,Apparel,2,381.75,Credit Card,,
11394,User_1353,  East  ,2025-05-30,2025-06-05,Home,5,561.7,Credit Card,,
11395,User_1933,East,2025-05-30,2025-05-31,Apparel,1,212.99,PayPal,,
11396,User_1229,South,2025-10-12,2025-10-13,Electronics,2,437.49,credit card,,
11397,User_1168,East,2026-05-07,2026-05-08,Apparel,5,696.38,Crypto,,
11398,User_1538,East,2025-08-04,,Apparel,5,318.39,Crypto,,
11399,User_1700,  East  ,2025-02-07,2025-02-08,Home,5,1135.5,Crypto,,
11400,User_1189,North,2025-09-13,2025-09-20,Beauty,4,1133.34,credit card,,
11401,User_1307,South,2026-02-13,2026-02-16,Home,5,443.68,credit card,,
11402,User_1036,South,2025-03-19,2025-03-25,Apparel,1,445.31,Crypto,,
11403,User_1648,north,2026-04-01,2026-04-08,Home,3,282.25,PayPal,,
11404,User_1512,South,2025-08-29,2025-09-02,Apparel,2,24.41,credit card,Damaged Item,43.94
11405,User_1037,SOUTH,2025-10-22,2025-10-24,Electronics,2,504.98,Credit Card,,
11406,User_1718,SOUTH,2026-02-07,2026-02-10,Home,4,496.07,Credit Card,,
11407,User_1129,East,2026-03-22,2026-03-27,Electronics,3,49.67,PayPal,,
11408,User_1607,north,2026-02-14,2026-02-21,Beauty,4,345.39,PayPal,,
11409,User_1817,SOUTH,2025-12-23,2025-12-24,Home,4,622.78,credit card,,
11410,User_1477,north,2025-01-05,2025-02-09,Electronics,3,800.07,Crypto,,
11411,User_1467,  East  ,2025-09-20,2025-09-26,Home,5,436.87,credit card,,
11412,User_1815,SOUTH,2025-10-28,2025-10-31,Electronics,4,-75.0,Crypto,,
11413,User_1246,SOUTH,2025-10-27,2025-10-28,Electronics,3,747.98,credit card,Damaged Item,2019.55
11414,User_1127,South,2025-02-08,2025-02-12,Beauty,5,445.62,PayPal,,
11415,User_1753,SOUTH,2025-06-21,2025-06-24,Apparel,4,842.66,Crypto,Fraud Chargeback,3370.64
11416,User_1573,  East  ,2025-02-25,2025-02-26,Home,5,650.19,credit card,,
11417,User_1110,north,2026-05-06,2026-05-10,Home,2,719.8,Credit Card,,
11418,User_1266,South,2025-10-31,2025-11-01,Beauty,5,127.35,credit card,,
11419,User_1586,SOUTH,2025-10-31,2025-11-03,Home,2,16.62,PayPal,Damaged Item,29.92
11420,User_1933,South,2025-05-03,2025-05-04,Electronics,5,-75.0,credit card,,
11421,User_1088,SOUTH,2025-07-04,2025-07-07,Beauty,3,150.1,Credit Card,,
11422,User_1884,North,2025-02-12,2025-03-12,Electronics,4,1078.24,credit card,,
11423,User_1605,  East  ,2025-11-29,2025-12-04,Home,4,603.59,PayPal,,
11424,User_1144,SOUTH,2025-10-25,2025-10-30,Home,4,956.23,Credit Card,Damaged Item,3442.43
11425,User_1902,north,2025-09-24,2025-09-25,Beauty,1,324.68,Credit Card,,
11426,User_1396,  East  ,2025-10-09,2025-10-14,Electronics,1,690.12,Crypto,,
11427,User_1781,SOUTH,2025-11-08,2025-11-12,Beauty,1,793.7,Crypto,Fraud Chargeback,793.7
11428,User_1074,North,2026-03-31,2026-04-04,Apparel,2,388.02,Crypto,,
11429,User_1989,north,2025-12-23,2025-12-24,Apparel,3,1110.89,Credit Card,,
11430,User_1220,South,2025-08-29,2025-09-04,Home,2,955.13,PayPal,,
11431,User_1202,South,2026-03-23,2026-03-24,Apparel,3,180.17,credit card,,
11432,User_1302,South,2025-03-28,2025-04-02,Apparel,5,413.87,Credit Card,,
11433,User_1194,  East  ,2025-06-04,2025-06-11,Beauty,5,715.82,Credit Card,,
11434,User_1058,West,2025-06-01,2025-06-07,Apparel,3,74.58,Credit Card,,
11435,User_1349,East,2026-05-05,2026-05-12,Apparel,1,266.21,Crypto,Fraud Chargeback,266.21
11436,User_1680,north,2025-07-13,2025-07-19,Apparel,5,628.69,PayPal,Wrong Size,2829.11
11437,User_1711,East,2025-01-21,2025-01-22,Apparel,5,503.09,PayPal,,
11438,User_1328,  East  ,2025-08-08,2025-08-14,Home,3,-75.0,Credit Card,,
11439,User_1011,East,2025-11-07,2025-11-13,Home,3,43.44,credit card,Wrong Size,117.29
11440,User_1201,north,2025-01-07,2025-01-09,Beauty,5,238.98,Credit Card,,
11441,User_1631,West,2025-02-21,2025-02-25,Electronics,5,930.3,credit card,,
11442,User_1048,East,2025-04-28,2025-05-04,Home,5,929.43,PayPal,,
11443,User_1656,SOUTH,2025-10-06,2025-10-11,Home,4,353.99,Credit Card,,
11444,User_1038,East,2025-10-13,2025-10-14,Electronics,3,740.98,Credit Card,,
11445,User_1684,South,2025-11-20,2025-11-21,Beauty,1,1157.26,Credit Card,,
11446,User_1629,South,2025-07-07,2025-07-13,Apparel,5,1083.92,credit card,,
11447,User_1630,  East  ,2025-02-05,2025-02-06,Apparel,3,920.65,Credit Card,,
11448,User_1003,East,2026-05-02,2026-05-08,Home,1,710.09,PayPal,,
11449,User_1393,  East  ,2025-09-25,2025-09-28,Apparel,1,687.58,Credit Card,,
11450,User_1787,  East  ,2026-02-15,2026-02-20,Home,4,429.19,Credit Card,,
11451,User_1463,East,2026-01-20,2026-01-26,Home,3,763.76,PayPal,,
11452,User_1537,West,2025-01-17,2025-01-20,Electronics,1,519.28,Credit Card,,
11453,User_1515,East,2026-02-24,2026-03-03,Apparel,3,885.63,Crypto,Fraud Chargeback,2656.89
11454,User_1331,West,2026-01-16,2026-01-20,Apparel,3,314.5,credit card,Wrong Size,849.15
11455,User_1872,East,2025-11-08,2025-11-09,Electronics,2,80.35,Credit Card,,
11456,User_1424,SOUTH,2025-03-19,2025-03-21,Apparel,1,603.1,Credit Card,,
11457,User_1224,North,2026-02-05,2026-02-07,Apparel,3,150.43,PayPal,,
11458,User_1466,South,2025-02-24,2025-02-26,Home,1,921.41,credit card,,
11459,User_1915,South,2025-06-10,2025-06-11,Apparel,4,520.68,Credit Card,Wrong Size,1874.45
11460,User_1822,East,2026-05-07,2026-05-11,Beauty,2,760.82,credit card,,
11461,User_1947,  East  ,2025-01-01,2025-01-05,Apparel,2,389.06,PayPal,,
11462,User_1109,South,2025-09-10,2025-09-14,Home,4,156.05,PayPal,,
11463,User_1362,South,2025-03-26,2025-04-02,Apparel,2,1122.34,Credit Card,,
11464,User_1615,North,2025-11-09,2025-11-16,Home,2,279.63,PayPal,,
11465,User_1704,SOUTH,2025-01-22,2025-01-24,Beauty,2,666.73,PayPal,,
11466,User_1693,  East  ,2025-11-08,2025-11-15,Electronics,1,169.93,Credit Card,,
11467,User_1831,SOUTH,2026-04-24,2026-05-01,Apparel,3,680.0,credit card,,
11468,User_1410,South,2025-07-28,2025-08-02,Apparel,1,216.3,credit card,,
11469,User_1410,SOUTH,2025-06-24,2025-06-30,Beauty,2,733.37,PayPal,,
11470,User_1273,SOUTH,2026-04-03,2026-04-09,Electronics,1,867.46,credit card,,
11471,User_1576,SOUTH,2025-06-28,2025-06-29,Apparel,3,1054.95,Crypto,,
11472,User_1730,East,2025-11-06,2025-11-11,Electronics,1,119.67,credit card,,
11473,User_1691,  East  ,2025-07-16,2025-07-21,Electronics,5,348.88,Credit Card,,
11474,User_1634,SOUTH,2026-03-24,2026-03-29,Apparel,4,213.47,Credit Card,,
11475,User_1798,East,2025-04-26,2025-04-27,Apparel,4,919.3,PayPal,Wrong Size,3309.48
11476,User_1403,North,2026-02-08,2026-03-12,Electronics,5,872.36,credit card,,
11477,User_1619,South,2026-04-06,2026-04-09,Beauty,4,212.95,credit card,,
11478,User_1857,East,2025-11-15,2025-11-20,Apparel,1,949.1,Crypto,,
11479,User_1455,SOUTH,2025-07-28,2025-08-01,Home,3,336.1,Credit Card,,
11480,User_1959,North,2025-07-05,2025-07-06,Apparel,3,184.78,Crypto,,
11481,User_1713,north,2026-01-19,2026-01-20,Home,3,849.32,Crypto,,
11482,User_1654,  East  ,2025-09-25,2025-10-01,Home,3,281.22,Crypto,,
11483,User_1354,  East  ,2026-02-20,2026-02-21,Beauty,3,819.63,credit card,,
11484,User_1657,East,2025-09-28,2025-10-05,Apparel,3,492.49,PayPal,,
11485,User_1304,SOUTH,2025-02-18,2025-02-25,Beauty,5,1125.26,Credit Card,Wrong Size,5063.67
11486,User_1212,North,2025-06-02,2025-06-04,Beauty,3,102.24,Crypto,,
11487,User_1510,  East  ,2025-01-27,2025-02-03,Beauty,2,1105.77,Crypto,,
11488,User_1260,South,2026-02-19,2026-02-20,Apparel,4,956.79,credit card,,
11489,User_1519,East,2026-05-07,2026-05-08,Beauty,3,1084.19,PayPal,,
11490,User_1566,West,2025-09-23,2025-09-24,Apparel,1,474.1,Credit Card,,
11491,User_1716,South,2026-02-25,2026-03-01,Home,5,768.91,Credit Card,Wrong Size,3460.09
11492,User_1738,  East  ,2025-06-11,2025-06-16,Apparel,0,1054.55,Crypto,Fraud Chargeback,0.0
11493,User_1823,  East  ,2025-02-22,2025-02-28,Electronics,4,606.92,Crypto,,
11494,User_1778,  East  ,2026-02-28,2026-03-04,Electronics,0,839.82,credit card,,
11495,User_1009,North,2025-02-17,2025-03-24,Electronics,2,698.75,PayPal,,
11496,User_1911,East,2026-04-21,2026-04-22,Electronics,5,933.85,Crypto,,
11497,User_1441,  East  ,2026-05-16,2026-05-17,Beauty,2,768.15,credit card,,
11498,User_1208,  East  ,2025-06-19,2025-06-21,Electronics,2,1045.53,Crypto,,
11499,User_1945,north,2026-01-17,2026-01-23,Beauty,3,512.66,Credit Card,,
11500,User_1194,SOUTH,2025-05-18,2025-05-23,Apparel,5,613.6,Credit Card,,
11501,User_1070,north,2025-01-13,2025-01-14,Beauty,2,885.7,PayPal,,
11502,User_1219,  East  ,2025-06-04,2025-06-08,Electronics,5,792.47,Credit Card,,
11503,User_1155,North,2025-02-01,2025-03-15,Electronics,1,1146.84,Credit Card,,
11504,User_1530,  East  ,2026-03-19,2026-03-22,Apparel,1,709.55,Crypto,Fraud Chargeback,709.55
11505,User_1473,north,2025-12-27,2026-01-03,Apparel,4,743.33,credit card,,
11506,User_1410,SOUTH,2025-01-19,2025-01-20,Beauty,5,615.78,Crypto,Fraud Chargeback,3078.9
11507,User_1898,SOUTH,2025-11-02,2025-11-06,Electronics,4,566.59,PayPal,,
11508,User_1518,north,2026-02-15,2026-03-26,Electronics,1,220.74,Credit Card,,
11509,User_1109,north,2025-10-07,2025-10-09,Apparel,4,327.02,Crypto,Fraud Chargeback,1308.08
11510,User_1227,West,2026-02-19,2026-02-26,Apparel,1,445.23,PayPal,,
11511,User_1481,North,2026-02-20,2026-03-27,Electronics,3,580.48,credit card,,
11512,User_1153,South,2026-03-30,2026-03-31,Electronics,3,1192.91,credit card,,
11513,User_1053,North,2025-11-09,2025-11-10,Apparel,4,1173.21,Crypto,,
11514,User_1126,East,2025-12-07,2025-12-11,Apparel,0,318.52,credit card,,
11515,User_1964,East,2025-10-27,2025-10-28,Electronics,1,1046.14,Credit Card,,
11516,User_1393,north,2025-01-06,2025-02-09,Electronics,1,874.06,credit card,,
11517,User_1535,South,2025-10-20,2025-10-21,Home,1,844.86,Credit Card,,
11518,User_1246,  East  ,2026-04-30,2026-05-07,Electronics,1,62.81,PayPal,,
11519,User_1617,South,2025-08-05,,Electronics,5,919.4,Credit Card,,
11520,User_1624,North,2026-01-31,2026-02-03,Home,4,287.32,credit card,,
11521,User_1139,North,2025-11-01,,Home,2,240.48,PayPal,,
11522,User_1388,SOUTH,2025-09-12,2025-09-19,Home,5,997.87,Crypto,Fraud Chargeback,4989.35
11523,User_1529,West,2025-02-12,2025-02-19,Electronics,1,712.96,Credit Card,,
11524,User_1654,north,2025-08-28,2025-08-30,Apparel,4,855.58,Credit Card,,
11525,User_1357,north,2025-04-22,2025-05-25,Electronics,4,954.96,Credit Card,,
11526,User_1888,SOUTH,2026-02-05,2026-02-08,Electronics,2,912.52,Crypto,,
11527,User_1348,north,2025-03-23,,Electronics,2,908.96,Credit Card,,
11528,User_1283,  East  ,2026-01-03,2026-01-08,Apparel,2,1168.4,PayPal,Damaged Item,2103.12
11529,User_1165,East,2025-03-12,2025-03-13,Beauty,1,286.41,Credit Card,,
11530,User_1572,East,2025-07-21,2025-07-27,Beauty,1,432.79,Crypto,Fraud Chargeback,432.79
11531,User_1636,West,2025-04-04,2025-04-07,Electronics,2,302.65,credit card,,
11532,User_1988,  East  ,2025-03-16,2025-03-23,Home,3,953.48,credit card,,
11533,User_1576,West,2025-08-02,2025-08-08,Beauty,3,36.56,Crypto,Fraud Chargeback,109.68
11534,User_1576,West,2025-02-19,2025-02-24,Home,2,1061.15,Credit Card,,
11535,User_1725,East,2025-02-02,2025-02-04,Home,5,845.53,Credit Card,,
11536,User_1099,SOUTH,2025-02-01,2025-02-05,Beauty,1,292.81,PayPal,Damaged Item,263.53
11537,User_1064,South,2026-03-16,2026-03-23,Apparel,5,908.19,Crypto,,
11538,User_1659,North,2026-02-13,2026-02-18,Home,2,685.32,Crypto,Fraud Chargeback,1370.64
11539,User_1141,South,2025-09-06,2025-09-10,Electronics,4,776.05,credit card,,
11540,User_1183,West,2026-01-11,2026-01-14,Home,3,703.28,Credit Card,,
11541,User_1865,SOUTH,2025-06-06,2025-06-07,Beauty,1,159.38,PayPal,,
11542,User_1898,West,2025-02-23,2025-03-02,Beauty,5,136.91,Credit Card,,
11543,User_1477,  East  ,2025-05-11,2025-05-14,Beauty,5,170.63,Crypto,Fraud Chargeback,853.15
11544,User_1831,  East  ,2025-03-20,2025-03-27,Electronics,5,314.77,PayPal,,
11545,User_1769,North,2026-02-07,2026-02-09,Apparel,4,397.26,PayPal,,
11546,User_1591,north,2025-06-05,2025-07-12,Electronics,2,686.58,PayPal,,
11547,User_1094,South,2025-11-12,2025-11-17,Beauty,1,363.83,credit card,Wrong Size,327.45
11548,User_1359,West,2025-03-12,2025-03-18,Beauty,4,976.48,Crypto,Fraud Chargeback,3905.92
11549,User_1048,SOUTH,2025-07-30,2025-08-01,Beauty,1,127.73,PayPal,,
11550,User_1060,East,2025-05-12,2025-05-16,Beauty,4,797.14,credit card,,
11551,User_1795,South,2025-01-25,2025-01-27,Electronics,4,755.14,Credit Card,,
11552,User_1470,East,2026-03-18,2026-03-24,Home,5,224.01,PayPal,,
11553,User_1754,SOUTH,2026-03-14,2026-03-15,Electronics,3,479.71,credit card,,
11554,User_1773,  East  ,2026-01-27,2026-01-29,Home,2,532.12,Credit Card,,
11555,User_1311,West,2025-06-11,2025-06-14,Home,5,198.69,Credit Card,,
11556,User_1305,North,2025-05-20,2025-06-18,Electronics,5,870.71,Crypto,,
11557,User_1442,South,2025-05-19,2025-05-22,Apparel,4,641.65,Crypto,,
11558,User_1588,West,2025-06-14,2025-06-18,Beauty,2,124.33,Credit Card,,
11559,User_1910,North,2026-01-17,2026-01-22,Apparel,2,506.62,credit card,,
11560,User_1595,SOUTH,2025-03-26,2025-03-31,Apparel,4,649.46,PayPal,,
11561,User_1371,SOUTH,2026-01-21,2026-01-22,Electronics,1,1028.72,Credit Card,,
11562,User_1236,SOUTH,2025-04-09,2025-04-12,Electronics,1,763.93,Crypto,,
11563,User_1614,South,2025-09-13,2025-09-19,Beauty,1,180.17,Crypto,Fraud Chargeback,180.17
11564,User_1046,South,2025-11-08,2025-11-14,Electronics,1,978.18,Crypto,Fraud Chargeback,978.18
11565,User_1501,East,2025-07-03,2025-07-04,Apparel,3,24.92,PayPal,,
11566,User_1354,East,2025-03-12,2025-03-15,Electronics,1,785.7,PayPal,,
11567,User_1822,north,2025-04-27,2025-04-30,Beauty,2,625.55,PayPal,Damaged Item,1125.99
11568,User_1966,East,2025-08-18,2025-08-23,Apparel,3,969.58,PayPal,,
11569,User_1272,north,2025-03-15,2025-03-19,Beauty,2,987.78,Credit Card,,
11570,User_1502,  East  ,2025-11-20,2025-11-27,Apparel,1,-75.0,Credit Card,,
11571,User_1366,North,2025-02-09,2025-02-16,Beauty,3,1041.42,credit card,,
11572,User_1282,North,2026-01-07,2026-01-10,Apparel,4,211.24,Credit Card,Wrong Size,760.46
11573,User_1939,West,2026-01-15,2026-01-20,Beauty,3,303.23,Crypto,Fraud Chargeback,909.69
11574,User_1005,West,2025-05-17,2025-05-23,Beauty,3,537.93,Crypto,Fraud Chargeback,1613.79
11575,User_1067,East,2026-03-28,2026-03-30,Home,5,844.46,Credit Card,,
11576,User_1308,  East  ,2026-03-11,2026-03-12,Electronics,4,914.0,Credit Card,,
11577,User_1567,  East  ,2026-02-08,2026-02-15,Beauty,3,1058.69,Credit Card,,
11578,User_1404,South,2025-04-25,2025-04-28,Beauty,4,924.06,Crypto,Fraud Chargeback,3696.24
11579,User_1888,East,2025-09-01,2025-09-04,Electronics,4,698.29,PayPal,,
11580,User_1731,East,2025-08-21,2025-08-24,Apparel,2,815.51,Crypto,Fraud Chargeback,1631.02
11581,User_1730,East,2025-12-30,2026-01-04,Apparel,4,640.09,PayPal,,
11582,User_1041,  East  ,2025-08-04,2025-08-07,Beauty,5,545.22,Credit Card,,
11583,User_1064,West,2025-09-06,2025-09-07,Home,2,502.25,Crypto,Fraud Chargeback,1004.5
11584,User_1117,  East  ,2025-10-24,2025-10-28,Apparel,3,148.64,PayPal,,
11585,User_1103,  East  ,2025-04-19,2025-04-23,Beauty,3,1125.49,credit card,,
11586,User_1976,SOUTH,2026-04-19,2026-04-24,Electronics,5,511.22,Crypto,,
11587,User_1685,north,2025-08-12,2025-08-18,Beauty,1,1111.99,PayPal,,
11588,User_1487,North,2026-01-06,2026-01-29,Electronics,3,395.24,credit card,,
11589,User_1425,North,2025-10-20,2025-10-21,Beauty,3,1026.39,PayPal,,
11590,User_1929,South,2025-09-05,2025-09-12,Beauty,2,988.61,credit card,,
11591,User_1906,South,2026-04-17,2026-04-24,Home,4,791.51,credit card,Damaged Item,2849.44
11592,User_1208,North,2025-09-25,2025-09-27,Apparel,3,61.14,Crypto,,
11593,User_1335,  East  ,2025-05-22,2025-05-28,Home,4,973.6,Crypto,Fraud Chargeback,3894.4
11594,User_1571,  East  ,2025-09-18,2025-09-23,Electronics,4,830.38,PayPal,,
11595,User_1786,  East  ,2025-03-12,2025-03-18,Home,3,-75.0,Crypto,,
11596,User_1133,  East  ,2025-01-18,2025-01-25,Home,2,180.16,PayPal,,
11597,User_1779,South,2026-03-06,2026-03-11,Home,4,1036.42,Crypto,Fraud Chargeback,4145.68
11598,User_1076,  East  ,2026-03-23,2026-03-27,Apparel,3,831.11,Credit Card,,
11599,User_1982,North,2026-02-13,2026-02-17,Apparel,2,863.43,PayPal,,
11600,User_1886,SOUTH,2025-12-30,2025-12-31,Beauty,1,844.2,Crypto,,
11601,User_1435,West,2026-01-07,2026-01-10,Beauty,4,1134.02,Crypto,,
11602,User_1911,North,2025-07-07,2025-08-18,Electronics,3,779.36,Crypto,Fraud Chargeback,2338.08
11603,User_1594,East,2025-05-14,2025-05-17,Home,2,30.14,PayPal,,
11604,User_1638,SOUTH,2025-06-28,2025-07-03,Beauty,5,521.17,PayPal,,
11605,User_1729,north,2025-11-13,2025-11-17,Home,3,715.51,credit card,,
11606,User_1253,SOUTH,2025-02-22,2025-02-27,Apparel,2,59.45,Crypto,Fraud Chargeback,118.9
11607,User_1289,SOUTH,2026-05-02,2026-05-06,Apparel,4,674.96,Crypto,,
11608,User_1423,South,2025-08-21,2025-08-25,Electronics,4,116.56,credit card,,
11609,User_1539,  East  ,2026-04-05,2026-04-07,Beauty,1,1162.61,credit card,,
11610,User_1959,West,2026-04-24,2026-04-30,Home,1,772.65,Credit Card,,
11611,User_1703,SOUTH,2025-09-16,2025-09-20,Electronics,1,949.48,Crypto,Fraud Chargeback,949.48
11612,User_1581,West,2025-09-07,2025-09-12,Electronics,4,834.34,Credit Card,,
11613,User_1445,SOUTH,2025-08-15,2025-08-22,Electronics,5,586.69,PayPal,,
11614,User_1765,SOUTH,2025-09-23,2025-09-29,Home,3,454.63,Crypto,,
11615,User_1073,West,2025-05-17,2025-05-21,Beauty,2,28.44,PayPal,,
11616,User_1590,  East  ,2026-02-02,2026-02-07,Home,3,273.75,Credit Card,,
11617,User_1757,SOUTH,2025-07-08,2025-07-14,Apparel,4,1128.45,PayPal,,
11618,User_1031,  East  ,2026-04-12,2026-04-16,Beauty,1,103.52,credit card,,
11619,User_1629,East,2025-05-30,2025-06-05,Home,4,733.82,Crypto,Fraud Chargeback,2935.28
11620,User_1282,East,2026-02-19,2026-02-20,Electronics,5,233.07,PayPal,,
11621,User_1251,SOUTH,2026-05-16,2026-05-23,Home,3,582.67,Credit Card,,
11622,User_1487,South,2025-03-24,2025-03-25,Home,3,77.15,Crypto,Fraud Chargeback,231.45
11623,User_1980,North,2025-09-18,2025-10-24,Electronics,4,1068.71,Crypto,,
11624,User_1794,West,2026-03-07,2026-03-08,Home,5,770.34,PayPal,,
11625,User_1898,north,2025-03-19,2025-04-08,Electronics,4,172.47,Crypto,,
11626,User_1034,SOUTH,2025-06-09,2025-06-14,Home,5,744.81,Credit Card,,
11627,User_1932,SOUTH,2025-08-25,2025-08-27,Beauty,3,663.54,Credit Card,,
11628,User_1550,  East  ,2025-04-19,2025-04-21,Electronics,4,1184.88,PayPal,,
11629,User_1024,  East  ,2026-02-14,2026-02-21,Electronics,2,1054.73,credit card,,
11630,User_1064,East,2025-05-14,2025-05-18,Apparel,2,1190.2,Crypto,,
11631,User_1912,East,2025-11-11,2025-11-14,Electronics,4,1090.47,Crypto,Fraud Chargeback,4361.88
11632,User_1192,North,2025-12-11,2025-12-14,Beauty,3,95.65,Crypto,Fraud Chargeback,286.95
11633,User_1660,north,2025-12-04,2025-12-29,Electronics,3,305.05,PayPal,,
11634,User_1821,North,2025-08-24,2025-08-29,Beauty,4,54.75,credit card,,
11635,User_1978,North,2026-03-18,2026-03-22,Beauty,5,451.67,credit card,,
11636,User_1188,north,2025-12-18,2025-12-19,Beauty,4,668.59,PayPal,,
11637,User_1660,SOUTH,2025-08-12,2025-08-17,Home,4,266.67,PayPal,,
11638,User_1945,  East  ,2025-11-07,2025-11-08,Home,2,165.97,Credit Card,,
11639,User_1944,SOUTH,2026-04-29,2026-05-06,Beauty,3,1060.91,Credit Card,,
11640,User_1885,North,2025-02-02,2025-02-07,Home,4,924.06,Crypto,,
11641,User_1205,East,2026-01-02,2026-01-09,Home,4,653.99,Crypto,,
11642,User_1676,East,2025-10-09,2025-10-11,Electronics,4,607.4,credit card,,
11643,User_1516,East,2025-08-23,2025-08-24,Electronics,3,54.95,Crypto,,
11644,User_1018,East,2025-10-17,2025-10-20,Apparel,0,753.43,credit card,,
11645,User_1417,North,2025-07-28,2025-08-02,Beauty,1,645.75,Crypto,Fraud Chargeback,645.75
11646,User_1903,East,2025-01-29,2025-02-05,Home,5,527.88,credit card,Damaged Item,2375.46
11647,User_1964,SOUTH,2026-04-17,2026-04-23,Home,3,1129.09,Crypto,Fraud Chargeback,3387.27
11648,User_1203,East,2025-08-02,2025-08-06,Beauty,5,1187.65,credit card,,
11649,User_1522,West,2025-02-16,2025-02-18,Home,4,1056.8,Credit Card,,
11650,User_1482,north,2026-02-08,2026-02-11,Apparel,3,204.34,credit card,,
11651,User_1202,  East  ,2025-08-20,2025-08-23,Beauty,1,588.17,Crypto,,
11652,User_1928,SOUTH,2025-03-28,,Beauty,3,464.81,Credit Card,,
11653,User_1705,South,2025-02-23,2025-02-26,Home,3,44.58,credit card,,
11654,User_1243,West,2025-06-22,2025-06-27,Home,3,-75.0,credit card,,
11655,User_1255,north,2025-01-30,2025-02-05,Beauty,4,968.59,Credit Card,,
11656,User_1918,SOUTH,2025-03-14,2025-03-21,Electronics,4,764.04,Credit Card,,
11657,User_1907,West,2025-09-09,2025-09-12,Home,3,102.99,Crypto,,
11658,User_1547,SOUTH,2025-05-05,2025-05-09,Home,1,739.58,Credit Card,,
11659,User_1098,  East  ,2025-11-07,2025-11-10,Apparel,3,167.22,PayPal,,
11660,User_1879,north,2025-05-01,2025-06-07,Electronics,5,15.35,Credit Card,,
11661,User_1664,north,2025-02-10,2025-03-02,Electronics,3,242.82,Crypto,Fraud Chargeback,728.46
11662,User_1319,  East  ,2025-12-20,2025-12-22,Beauty,5,203.19,Credit Card,Wrong Size,914.36
11663,User_1542,East,2026-01-09,2026-01-12,Electronics,4,841.84,Credit Card,,
11664,User_1634,East,2025-02-20,2025-02-24,Beauty,1,679.64,Crypto,,
11665,User_1814,East,2026-01-07,2026-01-08,Beauty,5,906.03,Crypto,Fraud Chargeback,4530.15
11666,User_1615,West,2025-11-01,2025-11-02,Apparel,4,369.2,Credit Card,,
11667,User_1180,East,2026-03-09,2026-03-16,Apparel,2,541.67,credit card,,
11668,User_1409,SOUTH,2025-11-18,2025-11-21,Apparel,5,735.28,credit card,,
11669,User_1590,East,2025-11-30,2025-12-05,Beauty,3,19.46,Credit Card,,
11670,User_1274,West,2025-12-29,2025-12-30,Beauty,4,982.57,credit card,,
11671,User_1811,East,2026-03-24,2026-03-30,Home,1,295.95,Crypto,,
11672,User_1283,East,2026-02-05,2026-02-07,Home,4,836.79,credit card,,
11673,User_1197,East,2025-02-07,2025-02-13,Beauty,4,909.7,Crypto,,
11674,User_1877,West,2025-11-06,2025-11-09,Beauty,4,333.73,Crypto,Fraud Chargeback,1334.92
11675,User_1698,East,2025-04-28,2025-05-04,Apparel,1,879.08,credit card,,
11676,User_1031,South,2025-03-26,2025-03-30,Apparel,3,390.92,PayPal,,
11677,User_1557,SOUTH,2025-02-09,2025-02-15,Beauty,5,137.12,Crypto,Fraud Chargeback,685.6
11678,User_1954,South,2025-06-15,2025-06-17,Electronics,5,199.74,Crypto,Fraud Chargeback,998.7
11679,User_1711,north,2026-01-01,2026-01-03,Apparel,1,691.85,Credit Card,,
11680,User_1953,  East  ,2025-01-17,2025-01-19,Apparel,3,447.45,Crypto,,
11681,User_1959,  East  ,2025-11-05,2025-11-10,Apparel,3,375.97,credit card,,
11682,User_1840,South,2025-11-13,,Beauty,3,449.1,Crypto,Fraud Chargeback,1347.3
11683,User_1077,SOUTH,2025-01-05,2025-01-10,Beauty,5,686.99,PayPal,,
11684,User_1337,North,2025-11-30,2025-12-06,Home,1,168.76,Credit Card,,
11685,User_1932,South,2026-02-19,2026-02-23,Beauty,5,749.66,Crypto,,
11686,User_1219,North,2025-06-24,2025-06-25,Apparel,1,234.25,credit card,,
11687,User_1792,South,2026-05-12,2026-05-15,Apparel,4,770.39,Crypto,,
11688,User_1981,East,2025-09-13,2025-09-15,Electronics,2,1186.32,Crypto,,
11689,User_1370,SOUTH,2025-08-02,2025-08-03,Electronics,4,89.04,credit card,,
11690,User_1925,SOUTH,2025-08-12,2025-08-15,Electronics,3,845.34,Crypto,,
11691,User_1982,West,2025-11-25,2025-12-01,Home,5,518.98,Crypto,,
11692,User_1691,South,2025-07-06,2025-07-11,Home,2,484.9,credit card,,
11693,User_1593,  East  ,2025-10-30,2025-11-04,Beauty,1,924.71,credit card,,
11694,User_1810,East,2026-04-24,2026-04-25,Apparel,5,222.78,Crypto,Fraud Chargeback,1113.9
11695,User_1386,SOUTH,2025-04-18,2025-04-19,Electronics,2,633.24,Credit Card,,
11696,User_1921,  East  ,2025-07-14,2025-07-19,Electronics,3,826.82,Crypto,Fraud Chargeback,2480.46
11697,User_1743,West,2025-08-02,2025-08-07,Electronics,0,262.98,Credit Card,,
11698,User_1792,South,2025-01-20,2025-01-27,Beauty,4,418.55,Credit Card,,
11699,User_1121,South,2025-10-10,2025-10-13,Electronics,5,991.21,credit card,,
11700,User_1103,  East  ,2025-01-27,2025-01-31,Electronics,4,979.38,Credit Card,,
11701,User_1100,North,2025-02-19,2025-02-25,Beauty,1,388.15,PayPal,,
11702,User_1966,West,2025-05-28,2025-06-01,Home,5,947.87,PayPal,,
11703,User_1465,East,2025-01-26,2025-01-31,Apparel,1,623.86,Credit Card,,
11704,User_1716,South,2025-07-26,2025-07-27,Electronics,3,590.54,credit card,,
11705,User_1410,East,2026-05-07,2026-05-10,Home,3,1096.73,Credit Card,,
11706,User_1455,West,2025-12-10,2025-12-11,Home,1,579.3,credit card,,
11707,User_1080,  East  ,2025-03-02,2025-03-03,Electronics,4,785.31,Credit Card,Wrong Size,2827.12
11708,User_1270,North,2025-06-04,2025-06-11,Home,4,154.0,credit card,Damaged Item,554.4
11709,User_1267,SOUTH,2025-10-10,2025-10-17,Home,4,230.46,credit card,,
11710,User_1726,north,2026-05-13,2026-05-15,Apparel,1,1014.24,PayPal,,
11711,User_1618,SOUTH,2026-03-01,,Beauty,3,56.47,PayPal,,
11712,User_1722,  East  ,2026-02-18,2026-02-19,Beauty,4,1155.54,credit card,,
11713,User_1450,East,2025-04-26,2025-05-03,Apparel,2,201.33,PayPal,,
11714,User_1135,South,2025-12-30,2026-01-04,Home,2,215.32,credit card,Damaged Item,387.58
11715,User_1166,North,2025-02-04,2025-02-22,Electronics,1,1054.34,PayPal,Wrong Size,948.91
11716,User_1090,SOUTH,2025-11-03,2025-11-08,Home,4,707.2,Crypto,,
11717,User_1043,  East  ,2025-07-25,2025-07-31,Beauty,1,74.59,credit card,,
11718,User_1420,West,2026-03-13,2026-03-19,Electronics,3,591.72,PayPal,,
11719,User_1157,East,2026-01-19,2026-01-23,Beauty,2,402.87,Crypto,,
11720,User_1668,North,2025-05-17,2025-05-23,Apparel,5,409.05,credit card,,
11721,User_1316,North,2026-01-31,2026-03-04,Electronics,3,624.5,PayPal,,
11722,User_1808,South,2025-07-24,2025-07-28,Electronics,1,1118.49,credit card,,
11723,User_1308,West,2025-01-18,2025-01-25,Apparel,1,160.41,Crypto,,
11724,User_1041,South,2025-07-15,2025-07-20,Electronics,4,915.7,Crypto,,
11725,User_1414,North,2026-05-09,2026-05-15,Apparel,3,647.04,PayPal,,
11726,User_1807,  East  ,2026-01-07,2026-01-09,Apparel,2,868.94,Crypto,Wrong Size,1564.09
11727,User_1786,North,2025-11-27,2025-12-31,Electronics,1,738.05,PayPal,,
11728,User_1286,North,2025-01-05,2025-01-10,Apparel,1,517.21,Credit Card,Wrong Size,465.49
11729,User_1607,  East  ,2026-02-01,2026-02-06,Home,3,1057.51,Crypto,,
11730,User_1496,South,2025-12-16,2025-12-22,Beauty,3,1140.11,Crypto,,
11731,User_1084,north,2025-04-07,2025-04-10,Apparel,3,-75.0,PayPal,,
11732,User_1620,South,2025-05-17,2025-05-19,Home,5,786.4,credit card,,
11733,User_1912,north,2026-05-14,2026-06-16,Electronics,1,454.83,Crypto,,
11734,User_1727,West,2025-04-18,2025-04-23,Home,3,825.48,credit card,,
11735,User_1366,East,2025-08-21,2025-08-26,Apparel,3,72.3,Credit Card,,
11736,User_1617,East,2025-04-27,2025-05-03,Electronics,1,468.64,Credit Card,,
11737,User_1582,South,2026-01-03,2026-01-06,Apparel,5,1106.84,credit card,,
11738,User_1353,SOUTH,2025-04-12,2025-04-15,Apparel,1,788.41,credit card,,
11739,User_1321,north,2025-01-16,2025-01-18,Apparel,3,974.67,credit card,,
11740,User_1430,North,2025-12-07,2025-12-09,Apparel,2,1043.46,credit card,,
11741,User_1064,South,2025-04-10,2025-04-16,Beauty,1,1185.45,credit card,,
11742,User_1358,SOUTH,2025-11-18,2025-11-21,Beauty,2,624.97,Credit Card,Damaged Item,1124.95
11743,User_1318,North,2026-04-23,2026-05-31,Electronics,3,911.93,PayPal,,
11744,User_1992,North,2025-04-10,2025-04-30,Electronics,5,271.44,Crypto,,
11745,User_1366,  East  ,2026-02-08,2026-02-13,Electronics,5,454.87,PayPal,,
11746,User_1406,north,2025-09-02,2025-09-05,Home,2,516.62,Credit Card,,
11747,User_1779,East,2025-05-28,2025-06-04,Home,3,855.66,Crypto,,
11748,User_1564,north,2025-05-06,2025-05-07,Apparel,2,274.19,credit card,,
11749,User_1249,SOUTH,2025-08-21,2025-08-27,Apparel,5,1004.33,PayPal,,
11750,User_1080,East,2025-01-28,2025-02-04,Home,2,184.31,credit card,,
11751,User_1532,SOUTH,2025-01-07,2025-01-10,Home,1,1002.66,Credit Card,,
11752,User_1562,SOUTH,2025-08-10,2025-08-17,Beauty,2,759.02,credit card,,
11753,User_1027,South,2025-01-03,2025-01-06,Beauty,2,304.63,Crypto,,
11754,User_1323,north,2025-08-02,2025-08-09,Beauty,2,363.05,Credit Card,,
11755,User_1312,East,2026-04-24,2026-04-26,Electronics,3,938.11,Crypto,,
11756,User_1304,West,2025-02-24,2025-02-28,Electronics,4,85.53,Crypto,,
11757,User_1182,North,2026-01-17,2026-02-16,Electronics,4,642.72,Credit Card,,
11758,User_1519,north,2025-01-30,2025-03-08,Electronics,1,1030.17,Credit Card,,
11759,User_1683,South,2025-09-09,2025-09-10,Beauty,5,135.58,PayPal,Damaged Item,610.11
11760,User_1962,north,2025-01-04,,Apparel,1,1146.85,Crypto,,
11761,User_1874,West,2025-10-10,2025-10-16,Electronics,1,704.56,Credit Card,,
11762,User_1542,SOUTH,2025-09-30,2025-10-01,Electronics,4,1069.49,credit card,,
11763,User_1925,  East  ,2025-11-26,2025-12-02,Electronics,4,421.67,PayPal,,
11764,User_1529,North,2025-08-03,2025-08-07,Apparel,2,764.67,Crypto,,
11765,User_1750,SOUTH,2025-05-04,2025-05-10,Beauty,3,698.9,Credit Card,,
11766,User_1894,East,2025-03-19,2025-03-25,Beauty,1,1062.28,credit card,,
11767,User_1037,North,2025-05-28,2025-06-01,Beauty,5,338.36,PayPal,,
11768,User_1684,  East  ,2026-03-27,2026-04-02,Beauty,1,344.6,credit card,,
11769,User_1356,  East  ,2026-03-03,2026-03-05,Apparel,1,399.55,Crypto,Fraud Chargeback,399.55
11770,User_1587,South,2026-03-28,,Apparel,3,318.11,credit card,Wrong Size,858.9
11771,User_1464,South,2025-04-10,2025-04-12,Electronics,1,615.35,Credit Card,,
11772,User_1470,South,2026-04-02,2026-04-03,Apparel,1,413.58,Crypto,Fraud Chargeback,413.58
11773,User_1734,  East  ,2025-02-16,2025-02-21,Electronics,1,262.84,Credit Card,,
11774,User_1523,  East  ,2025-09-14,2025-09-20,Home,3,338.73,credit card,,
11775,User_1192,South,2025-08-12,2025-08-17,Home,5,743.74,credit card,,
11776,User_1027,  East  ,2025-06-08,2025-06-10,Home,3,811.63,credit card,,
11777,User_1449,SOUTH,2025-03-07,2025-03-14,Electronics,1,1174.69,PayPal,,
11778,User_1278,North,2025-03-03,2025-03-09,Apparel,5,564.82,Crypto,,
11779,User_1531,  East  ,2025-10-29,2025-11-03,Home,1,555.8,Credit Card,,
11780,User_1934,West,2026-01-14,2026-01-17,Beauty,5,778.54,credit card,Wrong Size,3503.43
11781,User_1495,North,2025-08-29,2025-09-05,Apparel,5,1122.47,Crypto,,
11782,User_1240,West,2025-05-29,2025-06-03,Apparel,1,564.45,credit card,,
11783,User_1821,East,2026-01-02,2026-01-06,Home,3,440.29,PayPal,,
11784,User_1717,SOUTH,2026-04-03,2026-04-10,Apparel,4,102.9,Crypto,,
11785,User_1135,SOUTH,2025-12-16,2025-12-22,Beauty,1,807.92,Crypto,,
11786,User_1760,West,2026-03-23,2026-03-30,Electronics,3,488.71,PayPal,,
11787,User_1608,SOUTH,2025-07-22,2025-07-23,Apparel,4,644.63,Credit Card,,
11788,User_1063,SOUTH,2026-04-16,2026-04-20,Home,4,549.99,Credit Card,,
11789,User_1138,West,2025-10-06,2025-10-07,Beauty,2,512.23,credit card,,
11790,User_1440,North,2025-05-11,2025-05-16,Home,1,1033.75,Crypto,Fraud Chargeback,1033.75
11791,User_1199,East,2026-03-22,2026-03-23,Apparel,3,279.75,Credit Card,,
11792,User_1953,West,2025-02-25,2025-02-28,Apparel,4,552.73,Credit Card,,
11793,User_1967,East,2025-11-29,2025-12-01,Beauty,3,795.32,Credit Card,,
11794,User_1758,East,2025-06-18,2025-06-21,Electronics,3,778.1,Crypto,,
11795,User_1923,SOUTH,2025-03-24,2025-03-28,Electronics,2,604.66,Credit Card,,
11796,User_1330,East,2025-05-21,2025-05-25,Home,1,544.33,PayPal,,
11797,User_1267,East,2025-08-14,2025-08-21,Beauty,5,679.29,Crypto,Fraud Chargeback,3396.45
11798,User_1482,SOUTH,2025-08-27,2025-08-29,Home,3,224.09,Credit Card,,
11799,User_1555,East,2025-09-02,2025-09-05,Beauty,5,183.03,credit card,,
11800,User_1115,West,2025-12-21,2025-12-28,Beauty,3,516.93,Credit Card,,
11801,User_1538,East,2025-05-14,2025-05-15,Electronics,3,973.38,PayPal,,
11802,User_1934,north,2025-09-27,2025-10-03,Home,4,932.7,Credit Card,,
11803,User_1686,north,2025-12-21,2025-12-27,Beauty,4,369.26,credit card,,
11804,User_1503,West,2025-05-07,2025-05-12,Beauty,4,970.64,PayPal,,
11805,User_1817,SOUTH,2026-01-09,2026-01-11,Home,2,622.98,credit card,Wrong Size,1121.36
11806,User_1412,  East  ,2025-02-27,2025-03-06,Apparel,2,305.84,Crypto,Damaged Item,550.51
11807,User_1367,East,2026-01-23,2026-01-27,Beauty,2,216.61,PayPal,,
11808,User_1443,East,2025-07-22,2025-07-23,Home,3,315.29,Crypto,Fraud Chargeback,945.87
11809,User_1765,North,2026-02-14,2026-02-19,Beauty,4,303.91,Crypto,,
11810,User_1914,north,2025-09-16,2025-10-08,Electronics,5,811.86,PayPal,,
11811,User_1632,East,2025-12-10,2025-12-12,Electronics,4,692.41,Crypto,,
11812,User_1336,  East  ,2026-03-16,2026-03-18,Beauty,1,137.87,credit card,,
11813,User_1182,north,2025-03-07,2025-03-10,Apparel,1,70.64,PayPal,,
11814,User_1472,North,2026-04-21,2026-04-24,Home,2,19.34,Credit Card,,
11815,User_1994,  East  ,2025-11-22,2025-11-27,Home,1,205.31,Credit Card,,
11816,User_1325,West,2026-04-26,,Electronics,2,383.11,PayPal,Damaged Item,689.6
11817,User_1940,North,2026-03-15,2026-03-18,Beauty,1,1086.13,Credit Card,,
11818,User_1176,SOUTH,2026-05-12,2026-05-13,Beauty,3,788.47,Crypto,Fraud Chargeback,2365.41
11819,User_1323,West,2026-04-03,2026-04-05,Electronics,1,1137.18,Credit Card,,
11820,User_1841,South,2025-03-13,2025-03-20,Beauty,5,60.76,credit card,,
11821,User_1825,SOUTH,2025-12-18,2025-12-25,Electronics,5,980.89,Crypto,Fraud Chargeback,4904.45
11822,User_1294,South,2026-02-04,2026-02-11,Beauty,3,1193.77,Credit Card,,
11823,User_1796,South,2026-01-21,2026-01-28,Beauty,2,650.5,Crypto,,
11824,User_1118,north,2025-11-29,2025-12-05,Beauty,1,726.54,Crypto,Wrong Size,653.89
11825,User_1513,South,2025-11-19,,Electronics,1,1155.39,Credit Card,,
11826,User_1844,SOUTH,2025-05-24,2025-05-26,Home,5,776.11,Crypto,,
11827,User_1043,East,2025-12-25,2025-12-30,Home,5,1047.9,PayPal,,
11828,User_1234,North,2025-08-31,2025-09-07,Apparel,1,168.39,Credit Card,,
11829,User_1570,north,2025-03-23,2025-03-24,Apparel,4,645.63,PayPal,,
11830,User_1546,  East  ,2026-01-14,2026-01-20,Beauty,4,536.92,Crypto,Fraud Chargeback,2147.68
11831,User_1567,North,2025-12-12,2025-12-13,Beauty,3,366.78,credit card,,
11832,User_1635,West,2025-11-02,2025-11-05,Electronics,1,880.38,Credit Card,,
11833,User_1689,north,2026-02-03,2026-02-06,Beauty,5,1060.14,credit card,,
11834,User_1053,West,2025-06-11,2025-06-18,Home,3,486.53,credit card,,
11835,User_1737,South,2025-03-03,2025-03-08,Beauty,1,421.16,credit card,,
11836,User_1578,West,2025-08-29,2025-08-30,Beauty,3,743.09,Crypto,,
11837,User_1194,West,2025-03-04,2025-03-05,Home,4,877.25,Credit Card,,
11838,User_1354,West,2025-03-04,,Apparel,3,1044.49,Crypto,,
11839,User_1285,North,2025-08-28,2025-09-02,Apparel,3,840.74,PayPal,,
11840,User_1793,north,2025-01-18,2025-01-20,Apparel,0,668.29,credit card,,
11841,User_1336,West,2025-05-15,2025-05-16,Apparel,1,140.93,Crypto,Fraud Chargeback,140.93
11842,User_1098,north,2025-02-21,2025-03-30,Electronics,2,28.86,Crypto,,
11843,User_1869,North,2025-07-04,2025-07-11,Apparel,1,57.05,PayPal,,
11844,User_1025,East,2025-08-20,2025-08-24,Apparel,1,1059.77,credit card,,
11845,User_1655,SOUTH,2026-05-11,2026-05-13,Electronics,4,989.2,PayPal,,
11846,User_1182,north,2026-04-25,2026-04-27,Beauty,5,759.29,Credit Card,,
11847,User_1856,East,2025-01-07,2025-01-08,Beauty,2,-75.0,Crypto,,
11848,User_1186,West,2025-04-05,2025-04-07,Beauty,4,64.36,PayPal,,
11849,User_1755,North,2025-06-25,2025-08-05,Electronics,2,679.62,credit card,,
11850,User_1418,  East  ,2026-03-21,2026-03-26,Home,5,1005.06,PayPal,,
11851,User_1523,North,2025-05-26,2025-06-01,Home,4,1074.38,Crypto,Fraud Chargeback,4297.52
11852,User_1556,SOUTH,2025-07-06,2025-07-07,Home,2,356.06,PayPal,,
11853,User_1612,  East  ,2026-02-06,2026-02-08,Apparel,1,279.57,Crypto,Wrong Size,251.61
11854,User_1767,north,2025-04-10,2025-04-17,Apparel,2,21.79,Crypto,Fraud Chargeback,43.58
11855,User_1217,SOUTH,2025-01-13,2025-01-14,Beauty,1,347.81,credit card,,
11856,User_1041,East,2025-08-19,2025-08-23,Beauty,4,714.76,Crypto,,
11857,User_1780,South,2025-06-26,2025-07-03,Beauty,4,275.73,credit card,,
11858,User_1699,East,2025-08-13,2025-08-20,Electronics,4,132.16,Credit Card,,
11859,User_1586,North,2025-02-11,2025-02-18,Home,0,1100.73,Credit Card,,
11860,User_1162,  East  ,2025-10-29,2025-11-02,Beauty,2,872.41,PayPal,,
11861,User_1179,West,2025-03-17,2025-03-19,Home,1,25.09,Credit Card,,
11862,User_1305,South,2025-10-10,2025-10-17,Home,2,1116.65,Credit Card,,
11863,User_1724,North,2026-02-24,2026-03-02,Home,5,636.27,PayPal,,
11864,User_1959,north,2025-01-30,,Apparel,3,55.33,Credit Card,,
11865,User_1217,  East  ,2025-08-24,,Beauty,4,526.65,PayPal,,
11866,User_1327,  East  ,2025-11-16,2025-11-21,Electronics,4,1117.8,credit card,,
11867,User_1622,West,2025-08-28,2025-09-01,Electronics,4,1186.3,credit card,,
11868,User_1247,South,2025-04-20,2025-04-26,Home,2,582.66,PayPal,,
11869,User_1315,SOUTH,2025-08-23,2025-08-25,Home,4,620.06,PayPal,,
11870,User_1512,South,2025-07-11,2025-07-15,Home,2,1105.59,Crypto,,
11871,User_1478,West,2025-07-28,2025-08-02,Electronics,4,753.26,Crypto,,
11872,User_1628,SOUTH,2025-03-20,2025-03-25,Home,4,741.58,PayPal,,
11873,User_1796,  East  ,2025-09-14,2025-09-15,Beauty,4,609.85,Credit Card,,
11874,User_1327,North,2025-03-20,2025-04-29,Electronics,3,1189.22,credit card,,
11875,User_1841,East,2026-05-13,2026-05-15,Electronics,5,110.69,PayPal,,
11876,User_1919,  East  ,2025-12-07,2025-12-08,Electronics,4,995.84,Credit Card,Wrong Size,3585.02
11877,User_1706,East,2025-12-26,2025-12-31,Apparel,2,737.02,credit card,,
11878,User_1963,South,2026-03-18,2026-03-19,Home,4,926.62,Crypto,,
11879,User_1391,East,2025-12-09,2025-12-15,Home,2,357.46,Credit Card,Wrong Size,643.43
11880,User_1048,East,2025-12-27,2025-12-31,Beauty,2,636.66,credit card,,
11881,User_1486,north,2025-01-05,2025-01-27,Electronics,1,549.28,Crypto,,
11882,User_1451,West,2025-06-17,2025-06-19,Beauty,2,302.03,credit card,,
11883,User_1348,  East  ,2026-04-26,2026-05-03,Beauty,1,769.0,Crypto,,
11884,User_1527,East,2025-03-14,2025-03-21,Electronics,1,114.96,Crypto,Fraud Chargeback,114.96
11885,User_1693,  East  ,2025-09-20,2025-09-21,Beauty,2,333.91,PayPal,,
11886,User_1776,north,2025-07-05,2025-07-09,Beauty,5,936.35,credit card,,
11887,User_1593,SOUTH,2025-12-14,2025-12-20,Apparel,3,1068.06,credit card,,
11888,User_1556,East,2026-02-24,2026-03-02,Apparel,2,210.4,Crypto,,
11889,User_1474,north,2025-09-08,2025-10-08,Electronics,3,1026.98,credit card,,
11890,User_1410,West,2025-11-08,2025-11-10,Apparel,3,621.87,Credit Card,,
11891,User_1848,North,2026-04-17,2026-04-23,Beauty,1,298.87,Crypto,Wrong Size,268.98
11892,User_1448,South,2025-03-21,2025-03-27,Home,1,106.18,PayPal,,
11893,User_1659,SOUTH,2025-08-11,2025-08-16,Home,2,314.87,PayPal,,
11894,User_1322,  East  ,2025-05-21,2025-05-22,Electronics,3,256.33,PayPal,,
11895,User_1617,  East  ,2026-02-14,2026-02-16,Apparel,3,47.79,Credit Card,,
11896,User_1289,  East  ,2026-03-25,2026-03-26,Electronics,2,82.03,Crypto,Fraud Chargeback,164.06
11897,User_1966,SOUTH,2025-09-21,2025-09-23,Beauty,1,198.35,Crypto,,
11898,User_1421,West,2025-08-17,2025-08-20,Electronics,1,453.3,credit card,,
11899,User_1635,  East  ,2025-12-17,2025-12-22,Apparel,5,930.39,PayPal,,
11900,User_1234,north,2025-05-26,2025-06-17,Electronics,2,821.8,Crypto,Fraud Chargeback,1643.6
11901,User_1790,East,2025-01-21,2025-01-22,Electronics,1,232.58,Credit Card,,
11902,User_1921,SOUTH,2025-12-04,2025-12-08,Beauty,1,831.14,PayPal,,
11903,User_1348,  East  ,2025-04-29,2025-05-01,Beauty,2,1168.78,credit card,,
11904,User_1071,  East  ,2025-07-14,2025-07-19,Electronics,2,1089.79,credit card,,
11905,User_1180,SOUTH,2026-04-24,2026-04-25,Electronics,1,920.69,Credit Card,,
11906,User_1104,West,2025-08-26,2025-09-01,Electronics,3,783.85,PayPal,,
11907,User_1844,  East  ,2026-01-28,2026-02-01,Beauty,0,636.35,Credit Card,,
11908,User_1731,East,2025-12-24,2025-12-26,Electronics,3,1153.08,Credit Card,,
11909,User_1086,South,2026-01-18,2026-01-22,Home,2,465.77,Crypto,,
11910,User_1104,SOUTH,2025-09-29,2025-10-04,Apparel,4,39.31,credit card,,
11911,User_1055,East,2026-02-02,2026-02-05,Apparel,5,50.44,credit card,,
11912,User_1223,north,2025-09-04,2025-09-06,Apparel,3,202.05,credit card,,
11913,User_1167,West,2025-10-06,,Apparel,4,399.74,PayPal,,
11914,User_1009,West,2025-05-12,2025-05-18,Home,4,537.63,Credit Card,Damaged Item,1935.47
11915,User_1092,East,2025-04-08,2025-04-09,Home,4,658.17,Crypto,Fraud Chargeback,2632.68
11916,User_1725,West,2025-08-31,2025-09-02,Apparel,3,913.94,Crypto,,
11917,User_1107,West,2026-01-30,2026-02-02,Beauty,5,1053.4,Credit Card,,
11918,User_1688,  East  ,2025-11-06,2025-11-11,Home,1,932.35,credit card,,
11919,User_1220,SOUTH,2025-03-11,2025-03-18,Beauty,3,985.1,Crypto,,
11920,User_1956,north,2025-07-31,2025-08-04,Home,5,450.05,Credit Card,,
11921,User_1754,  East  ,2025-06-26,2025-07-01,Home,5,411.78,Crypto,,
11922,User_1175,north,2026-05-14,2026-05-21,Beauty,3,261.97,Crypto,,
11923,User_1842,North,2026-04-24,2026-04-25,Home,4,307.15,Crypto,,
11924,User_1350,East,2025-04-08,2025-04-14,Electronics,1,287.69,credit card,,
11925,User_1081,West,2026-03-10,2026-03-15,Home,4,37.75,PayPal,,
11926,User_1349,  East  ,2025-06-21,2025-06-24,Beauty,1,209.03,Credit Card,,
11927,User_1204,West,2026-01-30,2026-02-04,Electronics,1,766.12,Crypto,Fraud Chargeback,766.12
11928,User_1769,SOUTH,2025-03-15,2025-03-16,Beauty,3,662.87,Crypto,,
11929,User_1360,  East  ,2025-03-07,2025-03-11,Home,2,204.23,credit card,,
11930,User_1006,SOUTH,2025-01-30,2025-02-03,Home,3,-75.0,PayPal,,
11931,User_1650,SOUTH,2025-08-26,2025-09-02,Electronics,3,625.03,credit card,,
11932,User_1422,West,2025-07-08,2025-07-10,Apparel,1,1106.03,Crypto,Fraud Chargeback,1106.03
11933,User_1846,East,2025-02-11,2025-02-17,Electronics,4,1113.3,PayPal,,
11934,User_1256,north,2026-04-09,2026-04-15,Beauty,3,939.73,credit card,,
11935,User_1827,North,2026-02-14,2026-03-12,Electronics,1,774.09,PayPal,,
11936,User_1955,South,2025-10-13,2025-10-18,Electronics,1,947.21,Crypto,,
11937,User_1837,North,2026-03-15,2026-03-21,Apparel,1,1041.94,Credit Card,,
11938,User_1491,West,2025-08-14,2025-08-17,Electronics,5,631.02,Crypto,Fraud Chargeback,3155.1
11939,User_1855,West,2025-12-31,2026-01-03,Home,5,855.33,PayPal,,
11940,User_1205,SOUTH,2025-01-06,2025-01-13,Home,2,1030.94,PayPal,,
11941,User_1938,South,2025-12-01,2025-12-02,Electronics,5,70.58,Credit Card,Wrong Size,317.61
11942,User_1864,SOUTH,2026-04-17,2026-04-18,Apparel,5,849.63,PayPal,,
11943,User_1084,SOUTH,2025-12-31,2026-01-01,Apparel,4,248.6,Crypto,,
11944,User_1987,South,2026-04-30,2026-05-04,Home,4,564.31,PayPal,,
11945,User_1720,north,2026-01-22,2026-01-29,Beauty,1,723.68,PayPal,,
11946,User_1560,north,2025-05-07,2025-06-16,Electronics,2,804.54,Credit Card,,
11947,User_1216,north,2025-04-20,2025-04-24,Home,2,696.54,Crypto,,
11948,User_1472,South,2025-09-28,2025-10-04,Apparel,1,554.38,Credit Card,,
11949,User_1847,East,2025-02-25,2025-02-27,Electronics,1,923.62,Credit Card,,
11950,User_1133,North,2025-12-18,2026-01-27,Electronics,5,1039.41,PayPal,,
11951,User_1604,SOUTH,2025-03-30,2025-04-03,Apparel,5,505.1,PayPal,,
11952,User_1072,SOUTH,2025-07-03,2025-07-10,Apparel,1,999.75,credit card,,
11953,User_1820,SOUTH,2026-02-04,2026-02-10,Apparel,3,846.19,credit card,,
11954,User_1633,East,2026-04-19,2026-04-26,Apparel,1,716.28,PayPal,,
11955,User_1423,West,2026-01-25,2026-01-30,Home,1,1042.92,Crypto,Fraud Chargeback,1042.92
11956,User_1018,SOUTH,2025-05-25,,Apparel,1,102.49,credit card,,
11957,User_1663,North,2026-05-15,,Electronics,0,357.76,PayPal,,
11958,User_1616,  East  ,2025-10-08,2025-10-10,Beauty,5,1049.24,Crypto,,
11959,User_1780,SOUTH,2025-01-02,2025-01-08,Electronics,3,506.35,Crypto,Fraud Chargeback,1519.05
11960,User_1679,  East  ,2025-05-14,2025-05-16,Home,4,577.08,Credit Card,,
11961,User_1557,West,2025-09-10,2025-09-14,Home,4,586.61,credit card,,
11962,User_1159,North,2026-01-26,2026-02-01,Apparel,5,691.36,credit card,,
11963,User_1197,West,2025-10-17,2025-10-22,Apparel,5,566.69,Crypto,,
11964,User_1588,West,2025-10-09,,Home,2,1129.74,Crypto,Fraud Chargeback,2259.48
11965,User_1237,  East  ,2025-08-08,2025-08-12,Apparel,4,472.23,credit card,,
11966,User_1898,SOUTH,2025-01-27,,Home,5,432.15,Crypto,Fraud Chargeback,2160.75
11967,User_1591,  East  ,2025-07-02,2025-07-06,Electronics,2,867.07,Crypto,Damaged Item,1560.73
11968,User_1294,north,2025-11-24,2025-11-27,Apparel,1,1117.31,Crypto,,
11969,User_1797,South,2025-02-21,2025-02-28,Home,1,114.12,PayPal,,
11970,User_1929,  East  ,2025-02-15,2025-02-18,Beauty,2,341.1,PayPal,,
11971,User_1021,north,2025-08-23,2025-08-27,Beauty,5,760.99,PayPal,,
11972,User_1741,  East  ,2026-01-29,2026-02-05,Home,5,528.57,PayPal,,
11973,User_1683,north,2025-09-11,2025-10-22,Electronics,5,84.92,Crypto,Fraud Chargeback,424.6
11974,User_1413,  East  ,2026-02-20,2026-02-24,Electronics,2,371.44,credit card,Damaged Item,668.59
11975,User_1441,north,2025-07-25,2025-07-27,Beauty,3,341.31,credit card,,
11976,User_1408,north,2025-03-07,2025-03-12,Beauty,4,889.22,Credit Card,,
11977,User_1847,North,2025-05-10,2025-05-13,Home,4,945.14,PayPal,,
11978,User_1150,  East  ,2025-03-09,2025-03-14,Beauty,1,302.4,Crypto,Fraud Chargeback,302.4
11979,User_1436,north,2025-02-24,2025-03-02,Beauty,4,521.28,PayPal,,
11980,User_1937,South,2025-09-08,2025-09-14,Electronics,1,1120.07,credit card,,
11981,User_1303,North,2025-07-21,2025-07-28,Apparel,5,852.14,Credit Card,,
11982,User_1276,  East  ,2026-03-18,2026-03-25,Apparel,4,1011.01,Credit Card,,
11983,User_1931,  East  ,2025-04-06,2025-04-13,Beauty,3,1130.02,credit card,,
11984,User_1589,North,2025-02-04,2025-02-11,Home,3,342.34,credit card,,
11985,User_1104,East,2025-02-03,2025-02-04,Electronics,2,630.12,PayPal,Damaged Item,1134.22
11986,User_1903,West,2025-10-14,2025-10-15,Home,3,587.94,Credit Card,,
11987,User_1928,North,2026-01-09,2026-01-11,Apparel,1,589.64,credit card,,
11988,User_1891,South,2026-01-10,2026-01-12,Beauty,3,239.13,Credit Card,,
11989,User_1704,East,2025-09-27,2025-09-30,Home,3,515.22,PayPal,,
11990,User_1765,  East  ,2025-02-08,2025-02-13,Electronics,1,119.22,Crypto,Wrong Size,107.3
11991,User_1466,North,2025-05-31,2025-06-01,Apparel,4,764.3,credit card,,
11992,User_1279,South,2025-10-21,2025-10-28,Apparel,4,769.89,PayPal,,
11993,User_1227,north,2025-02-01,2025-02-04,Home,2,385.53,Credit Card,,
11994,User_1477,East,2025-07-10,2025-07-17,Apparel,5,1147.45,Crypto,Fraud Chargeback,5737.25
11995,User_1444,North,2025-03-06,2025-03-09,Home,3,521.65,Crypto,Fraud Chargeback,1564.95
11996,User_1290,north,2026-04-05,2026-04-10,Home,3,796.37,Credit Card,,
11997,User_1856,North,2025-01-29,2025-02-02,Home,1,455.33,credit card,,
11998,User_1711,North,2025-06-16,2025-06-19,Home,5,916.98,Crypto,Fraud Chargeback,4584.9
11999,User_1152,North,2025-05-18,2025-05-21,Apparel,5,1010.21,Crypto,,
12000,User_1252,  East  ,2025-08-16,2025-08-22,Apparel,5,872.3,Crypto,Fraud Chargeback,4361.5
